family,arm,runs,worlds,tail_mean_reward,mean_overload,skip_fraction,tail_target_range,bound_violations,gap_to_best_found
E1,k1_beta0.3_width0.02_budget1.0,50,50,1.6617882203049157,0.005085734796792601,6.666666666666667e-05,0.12937699671970068,0.0,0.08696066854708107
E1,k1_beta0.3_width0.02_budget3.0,50,50,2.0051332261193813,0.000286175126159871,0.00013333333333333334,0.012258276841712277,0.0,0.0367394313709219
E1,k1_beta0.3_width0.1_budget1.0,50,50,1.6825009407998721,8.150992161509667e-05,0.09713333333333334,0.007595074728229223,0.0,0.06181315607126997
E1,k1_beta0.3_width0.1_budget3.0,50,50,1.9069332491877902,0.0,0.15760000000000002,0.0002296976334241988,0.0,0.13619904021592893
E1,k1_beta0.3_width0.2_budget1.0,50,50,0.7514867439024193,0.0,1.0,0.0,0.0,0.9909122227093771
E1,k1_beta0.3_width0.2_budget3.0,50,50,-0.5796304566932313,0.0,1.0,0.0,0.0,2.6153462081738956
E1,k1_beta0.7_width0.02_budget1.0,50,50,1.2925296177242154,0.06579566393946328,0.0144,0.40228703206475785,0.0,0.4207999830886747
E1,k1_beta0.7_width0.02_budget3.0,50,50,1.9877249616070043,0.001723402496417552,0.0,0.038909256446424755,0.0,0.04783722795425547
E1,k1_beta0.7_width0.1_budget1.0,50,50,1.641649933880866,0.013312888031176974,0.044533333333333334,0.144325166109559,0.0,0.08236523458736793
E1,k1_beta0.7_width0.1_budget3.0,50,50,2.0068697833251337,0.0,0.03359999999999999,7.223925797808844e-06,0.0,0.03611994747952221
E1,k1_beta0.7_width0.2_budget1.0,50,50,0.7514867439024193,0.0,1.0,0.0,0.0,0.9909122227093771
E1,k1_beta0.7_width0.2_budget3.0,50,50,-0.5796304566932313,0.0,1.0,0.0,0.0,2.6153462081738956
E1,k1_beta1.0_width0.02_budget1.0,50,50,0.6771589894014776,0.33431970295371294,0.0194,0.5816803044943871,0.0,0.6389632174658492
E1,k1_beta1.0_width0.02_budget3.0,50,50,1.8800833192332933,0.018499493839347417,6.666666666666667e-05,0.09834290047868267,0.0,0.12717432609249207
E1,k1_beta1.0_width0.1_budget1.0,50,50,1.009315402005344,0.12744213224539822,0.11886666666666666,0.4821287192546728,0.0,0.592923706285582
E1,k1_beta1.0_width0.1_budget3.0,50,50,2.000355593313775,0.0,0.038000000000000006,0.000623807897782238,0.0,0.04265129186424374
E1,k1_beta1.0_width0.2_budget1.0,50,50,0.7514867439024193,0.0,1.0,0.0,0.0,0.9909122227093771
E1,k1_beta1.0_width0.2_budget3.0,50,50,-0.5796304566932313,0.0,1.0,0.0,0.0,2.6153462081738956
E1,k2_beta0.3_width0.02_budget1.0,50,50,1.6050072689646506,0.021944960321111456,0.005600000000000001,0.19139965428472636,0.0,0.14129620642045024
E1,k2_beta0.3_width0.02_budget3.0,50,50,1.957567105925248,0.0035165342122465996,0.00016666666666666666,0.040205618624530086,0.0,0.0808169199599655
E1,k2_beta0.3_width0.1_budget1.0,50,50,1.64215599588638,0.0006726020130792715,0.16203333333333333,0.026048760264803704,0.0,0.10426138571789313
E1,k2_beta0.3_width0.1_budget3.0,50,50,1.9300034582471364,0.0,0.14393333333333333,0.004694029737801192,0.0,0.10652454029834062
E1,k2_beta0.3_width0.2_budget1.0,50,50,0.7514867439024193,0.0,1.0,0.0,0.0,0.9909122227093771
E1,k2_beta0.3_width0.2_budget3.0,50,50,-0.5796304566932313,0.0,1.0,0.0,0.0,2.6153462081738956
E1,k2_beta0.7_width0.02_budget1.0,50,50,1.2635644662160141,0.09702072691910185,0.028533333333333334,0.42410237235124343,0.0,0.3918130694333471
E1,k2_beta0.7_width0.02_budget3.0,50,50,1.9134919128304884,0.012612288764074468,6.666666666666667e-05,0.09325416256868159,0.0,0.08779362343618632
E1,k2_beta0.7_width0.1_budget1.0,50,50,1.4835919203684538,0.03595324216516334,0.16,0.3065558241255092,0.0,0.2098611135565008
E1,k2_beta0.7_width0.1_budget3.0,50,50,1.983970899683196,0.0,0.061700000000000005,0.016927570460284404,0.0,0.052364849541887554
E1,k2_beta0.7_width0.2_budget1.0,50,50,0.7514867439024193,0.0,1.0,0.0,0.0,0.9909122227093771
E1,k2_beta0.7_width0.2_budget3.0,50,50,-0.5796304566932313,0.0,1.0,0.0,0.0,2.6153462081738956
E1,k2_beta1.0_width0.02_budget1.0,50,50,0.5653272695493543,0.4917831102563969,0.0273,0.5648236215320623,0.0,0.7270630032822732
E1,k2_beta1.0_width0.02_budget3.0,50,50,1.7580553414960198,0.0333854557304696,0.003866666666666667,0.13946056642400106,0.0,0.21448571041458447
E1,k2_beta1.0_width0.1_budget1.0,50,50,0.9649561144673084,0.11269116872175214,0.2814666666666667,0.3341009141710568,0.0,0.7154837171053046
E1,k2_beta1.0_width0.1_budget3.0,50,50,1.9748595729899094,0.0,0.05043333333333334,0.03347454920393576,0.0,0.06114659045253596
E1,k2_beta1.0_width0.2_budget1.0,50,50,0.7514867439024193,0.0,1.0,0.0,0.0,0.9909122227093771
E1,k2_beta1.0_width0.2_budget3.0,50,50,-0.5796304566932313,0.0,1.0,0.0,0.0,2.6153462081738956
E1,k5_beta0.3_width0.02_budget1.0,50,50,1.4913584093387149,0.10157834609196971,0.0002,0.16211511615783777,0.0,0.1630471357845877
E1,k5_beta0.3_width0.02_budget3.0,50,50,1.881888949712095,0.013479981299460146,0.00013333333333333334,0.028834292561678784,0.0,0.15459389362989168
E1,k5_beta0.3_width0.1_budget1.0,50,50,1.3680582495114684,0.08191150834939923,0.50244,0.10923956561873306,0.0,0.2966959845539254
E1,k5_beta0.3_width0.1_budget3.0,50,50,1.8046824069607041,0.013479981299460146,0.39208000000000004,0.028800826543460074,0.0,0.23180046292863493
E1,k5_beta0.3_width0.2_budget1.0,50,50,0.7514867439024193,0.0,1.0,0.0,0.0,0.9909122227093771
E1,k5_beta0.3_width0.2_budget3.0,50,50,-0.5796304566932313,0.0,1.0,0.0,0.0,2.6153462081738956
E1,k5_beta0.7_width0.02_budget1.0,50,50,1.1067998694520467,0.29362233043279656,0.00013333333333333334,0.391192186376541,0.0,0.41936466554812474
E1,k5_beta0.7_width0.02_budget3.0,50,50,1.8255445937886845,0.02430222742083254,0.0,0.06915500495400184,0.0,0.13945639315808017
E1,k5_beta0.7_width0.1_budget1.0,50,50,1.2462551147120653,0.18579508288467064,0.7502533333333335,0.1082167024408359,0.0,0.29339440076649476
E1,k5_beta0.7_width0.1_budget3.0,50,50,1.7960918724526271,0.020093628584880553,0.19625333333333334,0.041385600539507274,0.0,0.19579577038558318
E1,k5_beta0.7_width0.2_budget1.0,50,50,0.7514867439024193,0.0,1.0,0.0,0.0,0.9909122227093771
E1,k5_beta0.7_width0.2_budget3.0,50,50,-0.5796304566932313,0.0,1.0,0.0,0.0,2.6153462081738956
E1,k5_beta1.0_width0.02_budget1.0,50,50,0.7942932797549892,0.4138102122264788,0.023226666666666666,0.5670462937856715,0.0,0.6416159807579631
E1,k5_beta1.0_width0.02_budget3.0,50,50,1.7908148956949592,0.018094297723942096,0.00010666666666666668,0.0999999207603897,0.0,0.14582397545071565
E1,k5_beta1.0_width0.1_budget1.0,50,50,0.683462921453179,0.4208038721277112,0.7492800000000002,0.32808973333258623,0.0,0.48510419263660187
E1,k5_beta1.0_width0.1_budget3.0,50,50,1.6716676587511776,0.008960691233466154,0.2843333333333333,0.03999997261383803,0.0,0.32939660909032886
E1,k5_beta1.0_width0.2_budget1.0,50,50,0.7514867439024193,0.0,1.0,0.0,0.0,0.9909122227093771
E1,k5_beta1.0_width0.2_budget3.0,50,50,-0.5796304566932313,0.0,1.0,0.0,0.0,2.6153462081738956
E10,n12,50,50,9.976514343006482,5.817782467037264e-06,0.0,4.371095510447922e-05,0.0,0.11915960829589115
E10,n3,50,50,1.2434411736682214,0.10176486083350404,0.1194,0.4884489652286817,0.0,0.38789690514967257
E10,n5,50,50,2.8426245418062615,0.04110218650431792,0.009133333333333334,0.27842516884309104,0.0,0.28222450798014465
E10,n8,50,50,5.82896294944717,0.0032566917119794137,0.0,0.038326425671993104,0.0,0.04853732407447217
E11,budget0.5,50,50,1.6492029752822284,0.08132221600685836,0.1094,0.4093927573814639,0.0,0.29133647098988696
E11,budget1.0,50,50,2.8426245418062615,0.04110218650431792,0.009133333333333334,0.27842516884309104,0.0,0.28222450798014465
E11,budget2.0,50,50,4.005981989810342,8.146256534939115e-05,0.0,0.01964603144901629,0.0,0.08046784626918736
E11,budget3.0,50,50,4.288410044195574,0.0,0.0,0.0002134463659789667,0.0,0.10562895839681755
E12,interference_left,1,1,0.22368273055294705,0.20507008261285048,0.0,0.8494552294720148,0.0,0.33715754207691523
E12,interference_right,1,1,0.28555076975080645,0.20306715489049945,0.0,0.8494552294720148,0.0,0.06591379097777617
E12,linear,1,1,0.3206079226521061,0.3229072288815685,0.47,0.6546756043165467,0.0,0.5088871971904052
E12,linear_private_motive,1,1,0.32060871294891086,0.32155234205695815,0.46,0.6546756043165467,0.0,0.5088858519063282
E2,frustrated_prior0.5_alpha0.0,50,50,2.754186435789644,0.05164631546751901,0.0068,0.3059292164423413,0.0,0.3322423976343438
E2,frustrated_prior0.5_alpha0.3,50,50,2.8499427960399792,0.0410895464557982,0.0104,0.2618162353946569,0.0,0.25739779469594937
E2,frustrated_prior0.5_alpha0.6,50,50,2.707949103324613,0.055093305940340204,0.012133333333333335,0.41177452484753774,0.0,0.3428598390736408
E2,frustrated_prior1.0_alpha0.0,50,50,2.853579632957837,0.04171776808546311,0.009133333333333334,0.23776494867280928,0.0,0.3031708685200221
E2,frustrated_prior1.0_alpha0.3,50,50,2.8426245418062615,0.04110218650431792,0.009133333333333334,0.27842516884309104,0.0,0.28222450798014465
E2,frustrated_prior1.0_alpha0.6,50,50,2.7788903349170964,0.050637025095638756,0.010266666666666667,0.3821113991996283,0.0,0.24266833693701925
E2,frustrated_prior2.0_alpha0.0,50,50,2.6743098092463544,0.05774964586529153,0.018533333333333336,0.34084191219398446,0.0,0.38905763079249844
E2,frustrated_prior2.0_alpha0.3,50,50,2.765844967877718,0.04621392044897203,0.010733333333333333,0.3494972226532903,0.0,0.31814081592831267
E2,frustrated_prior2.0_alpha0.6,50,50,2.60899614546329,0.06766874089115822,0.0102,0.5062333516041793,0.0,0.4722894818671495
E2,interference_prior0.5_alpha0.0,50,50,1.5022188437218003,0.023592710052413292,0.021133333333333334,0.3168069233763707,0.0,0.1285386157420243
E2,interference_prior0.5_alpha0.3,50,50,1.4981612886727882,0.027014509867801705,0.0066,0.4314002161643342,0.0,0.09355804277632573
E2,interference_prior0.5_alpha0.6,50,50,1.500971288333905,0.022201486252079586,0.006066666666666667,0.4378613365963469,0.0,0.1138451914430565
E2,interference_prior1.0_alpha0.0,50,50,1.4857150419437675,0.031115600455793355,0.021133333333333334,0.36406171498645706,0.0,0.1247554711702381
E2,interference_prior1.0_alpha0.3,50,50,1.473749191488076,0.029117267504541782,0.026600000000000002,0.42905097094878997,0.0,0.13613523836703867
E2,interference_prior1.0_alpha0.6,50,50,1.5028374626941303,0.022271665630786606,0.005933333333333334,0.4364398625664099,0.0,0.1278455221235058
E2,interference_prior2.0_alpha0.0,50,50,1.4941582062050778,0.02894253444774643,0.021133333333333334,0.3332268824747617,0.0,0.10508166345247362
E2,interference_prior2.0_alpha0.3,50,50,1.4808334151589897,0.030598178045481133,0.006666666666666667,0.44900176440731016,0.0,0.11521475450774872
E2,interference_prior2.0_alpha0.6,50,50,1.480535444789913,0.022828324205096884,0.025933333333333333,0.4385392464683035,0.0,0.15596694886171517
E3,k1_nonresonant,50,50,2.8426245418062615,0.04110218650431792,0.009133333333333334,0.27842516884309104,0.0,0.28222450798014465
E3,k1_resonant,50,50,2.8471130321997067,0.041065951760791905,0.009133333333333334,0.2739759505302063,0.0,0.2802221056282481
E3,k2_nonresonant,50,50,2.229773732098822,0.20656260943019608,0.08173333333333334,0.5994779819505548,0.0,0.7366265184670445
E3,k2_resonant,50,50,2.2285660292410836,0.20452876611799417,0.08193333333333333,0.6032589925735853,0.0,0.7428885386911399
E3,k5_nonresonant,50,50,1.1913740562093627,0.9009361137730655,0.06378666666666667,0.5272591528213735,0.0,1.9709416200967944
E3,k5_resonant,50,50,1.642222720242116,0.6048799739208957,0.3087466666666666,0.5096740364905848,0.0,1.3899071528907359
E4,tolerance0.005_amplitude0.03,50,50,2.304270505740662,0.0,1.0,0.0,0.0,0.8179770469782902
E4,tolerance0.005_amplitude0.08,50,50,2.812765565956996,0.04602040901875745,0.03586666666666667,0.30635826709512876,0.0,0.3040403234424672
E4,tolerance0.005_amplitude0.15,50,50,2.7586254890889705,0.04052092649137621,0.02093333333333333,0.35421202256557627,0.0,0.3697979661967567
E4,tolerance0.02_amplitude0.03,50,50,2.304270505740662,0.0,1.0,0.0,0.0,0.8179770469782902
E4,tolerance0.02_amplitude0.08,50,50,2.8426245418062615,0.04110218650431792,0.009133333333333334,0.27842516884309104,0.0,0.28222450798014465
E4,tolerance0.02_amplitude0.15,50,50,2.7717935384135655,0.039157071302986686,0.0076,0.3478745764215724,0.0,0.3486517305768379
E4,tolerance0.05_amplitude0.03,50,50,2.304270505740662,0.0,1.0,0.0,0.0,0.8179770469782902
E4,tolerance0.05_amplitude0.08,50,50,2.8361809433294405,0.04005033678370046,0.009,0.28242766018539944,0.0,0.3102973364495424
E4,tolerance0.05_amplitude0.15,50,50,2.7709486116337616,0.03910708741816621,0.017333333333333333,0.34723730740860026,0.0,0.35630169345945767
E5,alpha0.0_width0.02_reviewedFalse,50,50,2.3047506630228622,0.0,,0.0,0.0,0.8174968896960901
E5,alpha0.0_width0.02_reviewedTrue,50,50,1.3760604823029687,0.3091718026657186,0.08440000000000002,0.5991446388816144,0.0,1.4269702610728772
E5,alpha0.0_width0.1_reviewedFalse,50,50,2.3047506630228622,0.0,,0.0,0.0,0.8174968896960901
E5,alpha0.0_width0.1_reviewedTrue,50,50,2.853579632957837,0.04171776808546311,0.009133333333333334,0.23776494867280928,0.0,0.3031708685200221
E5,alpha0.0_width0.3_reviewedFalse,50,50,2.3047506630228622,0.0,,0.0,0.0,0.8174968896960901
E5,alpha0.0_width0.3_reviewedTrue,50,50,2.3047506630228622,0.0,1.0,0.0,0.0,0.8174968896960901
E5,alpha0.3_width0.02_reviewedFalse,50,50,2.304270505740662,0.0,,0.0,0.0,0.8179770469782902
E5,alpha0.3_width0.02_reviewedTrue,50,50,1.5398069538904235,0.27997811492446983,0.08773333333333336,0.5797803471230509,0.0,1.2642005851616047
E5,alpha0.3_width0.1_reviewedFalse,50,50,2.304270505740662,0.0,,0.0,0.0,0.8179770469782902
E5,alpha0.3_width0.1_reviewedTrue,50,50,2.8426245418062615,0.04110218650431792,0.009133333333333334,0.27842516884309104,0.0,0.28222450798014465
E5,alpha0.3_width0.3_reviewedFalse,50,50,2.304270505740662,0.0,,0.0,0.0,0.8179770469782902
E5,alpha0.3_width0.3_reviewedTrue,50,50,2.304270505740662,0.0,1.0,0.0,0.0,0.8179770469782902
E5,alpha0.6_width0.02_reviewedFalse,50,50,2.298000735143581,0.0,,0.0,0.0,0.8242468175753713
E5,alpha0.6_width0.02_reviewedTrue,50,50,1.610245186020469,0.2568109512586828,0.07673333333333333,0.5881561144566995,0.0,1.217509052338228
E5,alpha0.6_width0.1_reviewedFalse,50,50,2.298000735143581,0.0,,0.0,0.0,0.8242468175753713
E5,alpha0.6_width0.1_reviewedTrue,50,50,2.7788903349170964,0.050637025095638756,0.010266666666666667,0.3821113991996283,0.0,0.24266833693701925
E5,alpha0.6_width0.3_reviewedFalse,50,50,2.298000735143581,0.0,,0.0,0.0,0.8242468175753713
E5,alpha0.6_width0.3_reviewedTrue,50,50,2.298000735143581,0.0,1.0,0.0,0.0,0.8242468175753713
E6,interaction0.1_k1_memory0.5,50,50,2.277221932028047,0.042296050230606265,0.0010666666666666667,0.452212247406987,0.0,0.2292638790650687
E6,interaction0.1_k1_memory1.0,50,50,2.3221541896621027,0.038428912303523036,0.0009333333333333333,0.4287028341916891,0.0,0.18188559237085186
E6,interaction0.1_k5_memory0.5,50,50,0.8935142784474865,1.0379818476175806,0.015626666666666667,0.5383632376502878,0.0,1.50684977488257
E6,interaction0.1_k5_memory1.0,50,50,0.8712558584245121,1.059597764639144,0.03168,0.538461,0.0,1.4934531548523544
E6,interaction0.4_k1_memory0.5,50,50,2.8738758417837844,0.04447305647294236,0.009866666666666668,0.2603260323875032,0.0,0.18262345084235926
E6,interaction0.4_k1_memory1.0,50,50,2.8426245418062615,0.04110218650431792,0.009133333333333334,0.27842516884309104,0.0,0.28222450798014465
E6,interaction0.4_k5_memory0.5,50,50,1.28640262648994,0.9160045608786624,0.046733333333333335,0.5435317000252047,0.0,1.9018359319894065
E6,interaction0.4_k5_memory1.0,50,50,1.1913740562093627,0.9009361137730655,0.06378666666666667,0.5272591528213735,0.0,1.9709416200967944
E6,interaction0.8_k1_memory0.5,50,50,3.7694386025270807,0.052007537930173854,0.06913333333333332,0.35309249047551705,0.0,0.5655396438948603
E6,interaction0.8_k1_memory1.0,50,50,3.665857514784841,0.05408506150593473,0.068,0.3428680982852061,0.0,0.646987169742964
E6,interaction0.8_k5_memory0.5,50,50,1.9893694076483956,0.8591927890591243,0.12481333333333332,0.5188686653886088,0.0,2.5533626382890624
E6,interaction0.8_k5_memory1.0,50,50,1.830224403725431,0.7731594387342439,0.15726666666666667,0.47419369226565294,0.0,2.8951449487212155
E7,adaptive_exact,50,50,-1.5637237352323603,5.362317058461875,0.0114,0.025290803503306366,0.0,-0.9323995985062801
E7,adaptive_theta0.1,50,50,-2.2680524004044496,6.2737879183713074,0.0,9.99755833674956e-16,0.0,-1.1032429488310107
E7,adaptive_theta0.3,50,50,-2.303621147157219,6.302212964362021,0.0,1.1368683772161633e-15,0.0,-1.0922031050937178
E7,adaptive_theta1.0,50,50,-2.2174795448822677,6.211008389112028,0.0,9.631184738623261e-16,0.0,-1.0839933701680118
E7,fixed,50,50,2.8426245418062615,0.04110218650431792,0.009133333333333334,0.27842516884309104,0.0,0.28222450798014465
E8,complements,50,50,3.923379907934905,0.005764418255768387,0.003333333333333333,0.038753200550829675,0.0,0.046990288358202154
E8,concave,50,50,1.641649933880866,0.013312888031176974,0.044533333333333334,0.144325166109559,0.0,0.08236523458736793
E8,frustrated,50,50,2.8426245418062615,0.04110218650431792,0.009133333333333334,0.27842516884309104,0.0,0.28222450798014465
E8,interference,50,50,1.473749191488076,0.029117267504541782,0.026600000000000002,0.42905097094878997,0.0,0.13613523836703867
E9,cost_k1,50,50,2.8797237542257745,0.04439234709861876,0.007333333333333334,0.3138276055588164,0.0,0.29058107598634353
E9,cost_k5,50,50,1.346160535420782,0.8253398254380481,0.06378666666666667,0.5297154013311974,0.0,2.0841219130097794
E9,invisible_k1,200,50,2.8776843177891345,0.038350277607646824,0.010333333333333335,0.23301117544618102,0.0,0.228606678198138
E9,invisible_k5,200,50,1.6550547854477697,0.922527941224406,0.06337333333333334,0.5345344627962966,0.0,2.384942491881458
E9,invisible_with_relocation,200,50,3.0279727032672032,0.024755712293915978,0.009233333333333335,0.09087192669738543,0.0,0.0697321252109689
E9,local_k1,50,50,3.0460185355487677,0.036688423519668036,0.0096,0.2291104133698803,0.0,0.2540355628290412
E9,local_k5,50,50,1.2806749978399141,0.923758581201521,0.06901333333333333,0.5133530179400707,0.0,2.0933888718230453
E9,random_k1,200,50,3.0317959585880785,0.048945862662284775,0.0139,0.35043932572351527,0.0,0.36764205345537426
E9,random_k5,200,50,1.304049580451391,0.8850468178787851,0.07042333333333334,0.521731642845984,0.0,2.2961275648020556
R1,all_k5,50,50,1.1913740562093627,0.9009361137730655,0.06378666666666667,0.5272591528213735,0.0,1.9709416200967944
R1,random_k1,200,50,2.9924547707353026,0.016146909853738588,0.029133333333333334,0.12158299653247935,0.0,0.11902996565251373
R1,random_k2,200,50,2.486077032623669,0.09562403303132422,0.34284166666666654,0.38736259641790965,0.0,0.5572775247124138
R1,random_k5,200,50,1.1913740562093627,0.9009361137730655,0.06378666666666667,0.5272591528213735,0.0,1.9709416200967944
R1,rotation_k1,50,50,2.8426245418062615,0.04110218650431792,0.009133333333333334,0.27842516884309104,0.0,0.28222450798014465
R1,rotation_k2,50,50,2.229773732098822,0.20656260943019608,0.08173333333333334,0.5994779819505548,0.0,0.7366265184670445
R1,rotation_k5,50,50,1.1913740562093627,0.9009361137730655,0.06378666666666667,0.5272591528213735,0.0,1.9709416200967944
R2,price_adaptive,50,50,3.064294705794684,0.007626293335027485,0.007333333333333334,0.10777969721689847,0.0,0.04946131126052321
R2,price_fixed,50,50,2.8426245418062615,0.04110218650431792,0.009133333333333334,0.27842516884309104,0.0,0.28222450798014465
R2,ration_adaptive,50,50,2.838909698170707,0.001376187914124085,0.6341333333333333,1.037862573660675e-12,226859.52,0.29060301454007714
R2,ration_fixed,50,50,2.813750841926264,0.0013290901448385988,0.6258666666666667,0.003563216511219057,229056.0,0.30978550543078326
R3,eta0.1_theta0.1,50,50,-2.247289269708064,6.233459107358049,0.0036666666666666666,1.2390088954816773e-15,0.0,-1.0694258131583532
R3,eta0.1_theta0.3,50,50,-2.258837506394725,6.242643498475542,0.0,1.1807221866888565e-15,0.0,-1.0699855660405513
R3,eta0.1_theta1.0,50,50,-2.2588291025271867,6.241507518334742,0.0,1.0402789740737742e-15,0.0,-1.069985565731554
R3,eta0.5_theta0.1,50,50,-2.2680524004044496,6.2737879183713074,0.0,9.99755833674956e-16,0.0,-1.1032429488310107
R3,eta0.5_theta0.3,50,50,-2.303621147157219,6.302212964362021,0.0,1.1368683772161633e-15,0.0,-1.0922031050937178
R3,eta0.5_theta1.0,50,50,-2.2174795448822677,6.211008389112028,0.0,9.631184738623261e-16,0.0,-1.0839933701680118
R3,eta1.0_theta0.1,50,50,-2.323233803741894,6.311939949125592,0.0,8.693046282815054e-16,0.0,-1.089750006655931
R3,eta1.0_theta0.3,50,50,-2.2680524004044504,6.266482922409215,0.0,1.1318723736053497e-15,0.0,-1.1032429488310107
R3,eta1.0_theta1.0,50,50,-2.2680524004044504,6.266181311306176,0.0,1.3797296638529155e-15,0.0,-1.1032429488310107
R4,offset-5.0_absolute_drop,50,50,-2.159212026648286,0.039472435567756564,0.030933333333333327,0.2821478665521995,0.0,0.31230958729541364
R4,offset-5.0_draft,50,50,-2.117468784045172,0.00798281648937126,0.9147333333333333,0.0,0.0,0.23441910731120585
R4,offset0.0_absolute_drop,50,50,2.8426245418062615,0.04110218650431792,0.009133333333333334,0.27842516884309104,0.0,0.28222450798014465
R4,offset0.0_draft,50,50,2.8426245418062615,0.04110218650431792,0.009133333333333334,0.27842516884309104,0.0,0.28222450798014465
R4,offset5.0_absolute_drop,50,50,7.839419566923312,0.03984483785062549,0.0,0.28256860589373717,0.0,0.2627660030608132
R4,offset5.0_draft,50,50,7.839419566923312,0.03984483785062549,0.0,0.28256860589373717,0.0,0.2627660030608132
R5,width0.02_amplitude0.03,50,50,1.7902583536537167,0.20890651342477615,0.044533333333333334,0.7945669372877748,0.0,1.2822109729747388
R5,width0.02_amplitude0.08,50,50,1.5398069538904235,0.27997811492446983,0.08773333333333336,0.5797803471230509,0.0,1.2642005851616047
R5,width0.02_amplitude0.15,50,50,1.0892018057285384,0.3708005337108323,0.15280000000000002,0.37515135631831115,0.0,1.519920053205563
R5,width0.0_amplitude0.03,50,50,0.9383066536404123,0.7782288298476684,0.0013333333333333333,0.6892781635777563,0.0,1.2417333545884697
R5,width0.0_amplitude0.08,50,50,0.4901564306424809,1.1916616423566673,0.011066666666666667,0.6354956145078433,0.0,1.3001654017119813
R5,width0.0_amplitude0.15,50,50,0.009716964106003622,1.424614327638312,0.024133333333333336,0.5780729659977248,0.0,1.5538882854943876
R5,width0.1_amplitude0.03,50,50,2.304270505740662,0.0,1.0,0.0,0.0,0.8179770469782902
R5,width0.1_amplitude0.08,50,50,2.8426245418062615,0.04110218650431792,0.009133333333333334,0.27842516884309104,0.0,0.28222450798014465
R5,width0.1_amplitude0.15,50,50,2.7717935384135655,0.039157071302986686,0.0076,0.3478745764215724,0.0,0.3486517305768379
R5,width0.3_amplitude0.03,50,50,2.304270505740662,0.0,1.0,0.0,0.0,0.8179770469782902
R5,width0.3_amplitude0.08,50,50,2.304270505740662,0.0,1.0,0.0,0.0,0.8179770469782902
R5,width0.3_amplitude0.15,50,50,3.0326607310097735,3.56104667798197e-05,0.09020000000000002,0.021777818218865454,0.0,0.08643864761848846
R6,all_budget0.5_beta0.1,50,50,1.840972818736693,0.02887714834254771,0.35536,0.04528051967994211,0.0,0.15756156433006868
R6,all_budget0.5_beta0.7,50,50,0.6506129262914243,1.2742469647221095,0.4172,0.380014575053119,0.0,0.631555516773321
R6,all_budget0.5_beta1.0,50,50,-3.473604256396898,5.174012684408889,0.6112533333333333,0.5999994,0.0,-0.1725830217909052
R6,all_budget1.0_beta0.1,50,50,2.635332448926227,0.07041943401164068,0.059666666666666666,0.08295410544376336,0.0,0.4744774627565888
R6,all_budget1.0_beta0.7,50,50,1.1913740562093627,0.9009361137730655,0.06378666666666667,0.5272591528213735,0.0,1.9709416200967944
R6,all_budget1.0_beta1.0,50,50,-1.6893326150259296,3.5250007734892113,0.6009733333333334,0.5791029160289913,0.0,1.185937774360272
R6,all_budget3.0_beta0.1,50,50,3.8503387920052425,0.02954005688446826,0.05585333333333334,0.02808065366831057,0.0,0.5257681186411829
R6,all_budget3.0_beta0.7,50,50,3.2059111699122242,0.21010477744183678,0.020159999999999997,0.2558038378188604,0.0,0.7575664284489023
R6,all_budget3.0_beta1.0,50,50,2.8838544555588204,0.3007913468529838,0.17001333333333335,0.4435058202534715,0.0,1.558725798532133
