run_id,world_version_period,Y,spending,global_certified,candidate_count,details
run-d6ecfe76615515c7,0,2.0206231545848508,4.676173967556696,True,1,"{""best"": {""q"": [0.5523461026685544, 0.30793760493136235, 0.5656365030857202, 0.666957860586526, 0.7104589821498645], ""Y"": 2.0206231545848508, ""spending"": 4.676173967556696, ""optimizer_success"": true, ""residual"": 1.9184758837109683e-08, ""multiplier"": 0.20285503298598212, ""feasibility"": 0.0, ""complementarity"": 0.0, ""tangent_eigenvalues"": [-4.903806146623887, -3.463677140733531, -2.542659043615544, -0.9485887360889298], ""tangent_warning"": ""Equality-tangent diagnostic; weakly active critical cone is not certified""}, ""solutions"": [{""q"": [0.5523461026685544, 0.30793760493136235, 0.5656365030857202, 0.666957860586526, 0.7104589821498645], ""Y"": 2.0206231545848508, ""spending"": 4.676173967556696, ""optimizer_success"": true, ""residual"": 1.9184758837109683e-08, ""multiplier"": 0.20285503298598212, ""feasibility"": 0.0, ""complementarity"": 0.0, ""tangent_eigenvalues"": [-4.903806146623887, -3.463677140733531, -2.542659043615544, -0.9485887360889298], ""tangent_warning"": ""Equality-tangent diagnostic; weakly active critical cone is not certified""}], ""validated_stationary_points"": [{""q"": [0.5523461026685544, 0.30793760493136235, 0.5656365030857202, 0.666957860586526, 0.7104589821498645], ""Y"": 2.0206231545848508, ""spending"": 4.676173967556696, ""optimizer_success"": true, ""residual"": 1.9184758837109683e-08, ""multiplier"": 0.20285503298598212, ""feasibility"": 0.0, ""complementarity"": 0.0, ""tangent_eigenvalues"": [-4.903806146623887, -3.463677140733531, -2.542659043615544, -0.9485887360889298], ""tangent_warning"": ""Equality-tangent diagnostic; weakly active critical cone is not certified""}], ""starts"": 8, ""failed_kkt_starts"": 0, ""eigenvalues"": [-1.3372161693849505, -1.1738824408522643, -0.5946771824920136, -0.33173953041208976, -0.04999999999999982], ""global_certified"": true, ""status"": ""concave_KKT_global""}"
run-4f707a9226a77650,0,2.7362780197842094,14.02852190267009,True,1,"{""best"": {""q"": [0.934742076849012, 0.26369076462565993, 0.941205700588316, 0.9679315966841737, 0.9687120842578834], ""Y"": 2.7362780197842094, ""spending"": 14.02852190267009, ""optimizer_success"": true, ""residual"": 1.2265791715648788e-09, ""multiplier"": 0.019614933613494395, ""feasibility"": 3.552713678800501e-15, ""complementarity"": 6.968624295742528e-17, ""tangent_eigenvalues"": [-25.143622509936165, -8.938697121060592, -7.274076641658066, -0.9808950629399591], ""tangent_warning"": ""Equality-tangent diagnostic; weakly active critical cone is not certified""}, ""solutions"": [{""q"": [0.934742076849012, 0.26369076462565993, 0.941205700588316, 0.9679315966841737, 0.9687120842578834], ""Y"": 2.7362780197842094, ""spending"": 14.02852190267009, ""optimizer_success"": true, ""residual"": 1.2265791715648788e-09, ""multiplier"": 0.019614933613494395, ""feasibility"": 3.552713678800501e-15, ""complementarity"": 6.968624295742528e-17, ""tangent_eigenvalues"": [-25.143622509936165, -8.938697121060592, -7.274076641658066, -0.9808950629399591], ""tangent_warning"": ""Equality-tangent diagnostic; weakly active critical cone is not certified""}], ""validated_stationary_points"": [{""q"": [0.934742076849012, 0.26369076462565993, 0.941205700588316, 0.9679315966841737, 0.9687120842578834], ""Y"": 2.7362780197842094, ""spending"": 14.02852190267009, ""optimizer_success"": true, ""residual"": 1.2265791715648788e-09, ""multiplier"": 0.019614933613494395, ""feasibility"": 3.552713678800501e-15, ""complementarity"": 6.968624295742528e-17, ""tangent_eigenvalues"": [-25.143622509936165, -8.938697121060592, -7.274076641658066, -0.9808950629399591], ""tangent_warning"": ""Equality-tangent diagnostic; weakly active critical cone is not certified""}], ""starts"": 8, ""failed_kkt_starts"": 0, ""eigenvalues"": [-1.3372161693849505, -1.1738824408522643, -0.5946771824920136, -0.33173953041208976, -0.04999999999999982], ""global_certified"": true, ""status"": ""concave_KKT_global""}"
run-8ec6df0197c8026d,0,10.533657152502599,10.92161424385229,False,1,"{""best"": {""q"": [0.0, 8.270308032783491e-14, 0.3308130309920412, 0.8262878483091051, 0.0, 0.782643389316986, 5.254148602152544e-13, 0.8045125606746973, 0.15939014782268812, 0.8011744304591858, 0.8514745895087192, 0.8607029415225168], ""Y"": 10.533657152502599, ""spending"": 10.92161424385229, ""optimizer_success"": true, ""residual"": 6.136868790918015e-12, ""multiplier"": 0.5575786790706334, ""feasibility"": 1.7763568394002505e-15, ""complementarity"": 9.90458700070877e-16, ""tangent_eigenvalues"": [-23.112926113203077, -20.438849179850653, -19.011418592795067, -18.397037003351436, -15.027729925234407, -2.909125339562044, -0.7231636034246409], ""tangent_warning"": ""Equality-tangent diagnostic; weakly active critical cone is not certified""}, ""solutions"": [{""q"": [0.0, 8.270308032783491e-14, 0.3308130309920412, 0.8262878483091051, 0.0, 0.782643389316986, 5.254148602152544e-13, 0.8045125606746973, 0.15939014782268812, 0.8011744304591858, 0.8514745895087192, 0.8607029415225168], ""Y"": 10.533657152502599, ""spending"": 10.92161424385229, ""optimizer_success"": true, ""residual"": 6.136868790918015e-12, ""multiplier"": 0.5575786790706334, ""feasibility"": 1.7763568394002505e-15, ""complementarity"": 9.90458700070877e-16, ""tangent_eigenvalues"": [-23.112926113203077, -20.438849179850653, -19.011418592795067, -18.397037003351436, -15.027729925234407, -2.909125339562044, -0.7231636034246409], ""tangent_warning"": ""Equality-tangent diagnostic; weakly active critical cone is not certified""}], ""validated_stationary_points"": [{""q"": [0.0, 8.270308032783491e-14, 0.3308130309920412, 0.8262878483091051, 0.0, 0.782643389316986, 5.254148602152544e-13, 0.8045125606746973, 0.15939014782268812, 0.8011744304591858, 0.8514745895087192, 0.8607029415225168], ""Y"": 10.533657152502599, ""spending"": 10.92161424385229, ""optimizer_success"": true, ""residual"": 6.136868790918015e-12, ""multiplier"": 0.5575786790706334, ""feasibility"": 1.7763568394002505e-15, ""complementarity"": 9.90458700070877e-16, ""tangent_eigenvalues"": [-23.112926113203077, -20.438849179850653, -19.011418592795067, -18.397037003351436, -15.027729925234407, -2.909125339562044, -0.7231636034246409], ""tangent_warning"": ""Equality-tangent diagnostic; weakly active critical cone is not certified""}], ""starts"": 8, ""failed_kkt_starts"": 1, ""eigenvalues"": [-3.0857097299265526, -2.220488243914057, -1.6490227472713186, -1.3178032659812924, -1.0478211996859048, -0.21769468143054793, -0.0659030858252593, 0.19152122438537506, 0.8281760473461328, 1.3092651120421441, 1.499634666623683, 1.9226268715825379], ""global_certified"": false, ""status"": ""best_found_not_global_certificate""}"
run-53d0324377a204fd,0,0.6094648207461275,2.7899244757354147,False,2,"{""best"": {""q"": [0.7231812619586531, 0.0, 0.761926103295451], ""Y"": 0.6094648207461275, ""spending"": 2.7899244757354147, ""optimizer_success"": true, ""residual"": 5.7194943225979955e-12, ""multiplier"": 0.03393208011960071, ""feasibility"": 0.0, ""complementarity"": 0.0, ""tangent_eigenvalues"": [-1.2952507535880695], ""tangent_warning"": ""Equality-tangent diagnostic; weakly active critical cone is not certified""}, ""solutions"": [{""q"": [0.7231812619586531, 0.0, 0.761926103295451], ""Y"": 0.6094648207461275, ""spending"": 2.7899244757354147, ""optimizer_success"": true, ""residual"": 5.7194943225979955e-12, ""multiplier"": 0.03393208011960071, ""feasibility"": 0.0, ""complementarity"": 0.0, ""tangent_eigenvalues"": [-1.2952507535880695], ""tangent_warning"": ""Equality-tangent diagnostic; weakly active critical cone is not certified""}, {""q"": [0.0, 0.937055888520781, 0.03737075361719804], ""Y"": 0.5607437657710933, ""spending"": 2.789924475735415, ""optimizer_success"": true, ""residual"": 7.969675938981902e-08, ""multiplier"": 0.022757423047883304, ""feasibility"": 4.440892098500626e-16, ""complementarity"": 1.01063260195581e-17, ""tangent_eigenvalues"": [-0.7322728103079579], ""tangent_warning"": ""Equality-tangent diagnostic; weakly active critical cone is not certified""}], ""validated_stationary_points"": [{""q"": [0.7231812619586531, 0.0, 0.761926103295451], ""Y"": 0.6094648207461275, ""spending"": 2.7899244757354147, ""optimizer_success"": true, ""residual"": 5.7194943225979955e-12, ""multiplier"": 0.03393208011960071, ""feasibility"": 0.0, ""complementarity"": 0.0, ""tangent_eigenvalues"": [-1.2952507535880695], ""tangent_warning"": ""Equality-tangent diagnostic; weakly active critical cone is not certified""}, {""q"": [0.0, 0.937055888520781, 0.03737075361719804], ""Y"": 0.5607437657710933, ""spending"": 2.789924475735415, ""optimizer_success"": true, ""residual"": 7.969675938981902e-08, ""multiplier"": 0.022757423047883304, ""feasibility"": 4.440892098500626e-16, ""complementarity"": 1.01063260195581e-17, ""tangent_eigenvalues"": [-0.7322728103079579], ""tangent_warning"": ""Equality-tangent diagnostic; weakly active critical cone is not certified""}], ""starts"": 8, ""failed_kkt_starts"": 0, ""eigenvalues"": [-0.9604014911384565, -0.39325888799359, 0.3710071655447513], ""global_certified"": false, ""status"": ""best_found_not_global_certificate""}"
run-bd5f7d5d513b37b5,0,1.552936346537086,2.338086983778348,False,1,"{""best"": {""q"": [0.2769336982230564, 0.35318235297651, 0.2848686665163566, 0.3778554360347538, 0.5018192216377316], ""Y"": 1.552936346537086, ""spending"": 2.338086983778348, ""optimizer_success"": true, ""residual"": 1.440340635650017e-08, ""multiplier"": 0.5112463390928146, ""feasibility"": 0.0, ""complementarity"": 0.0, ""tangent_eigenvalues"": [-3.853644213315078, -2.854250642917514, -1.8717966884804653, -0.6930052008248859], ""tangent_warning"": ""Equality-tangent diagnostic; weakly active critical cone is not certified""}, ""solutions"": [{""q"": [0.2769336982230564, 0.35318235297651, 0.2848686665163566, 0.3778554360347538, 0.5018192216377316], ""Y"": 1.552936346537086, ""spending"": 2.338086983778348, ""optimizer_success"": true, ""residual"": 1.440340635650017e-08, ""multiplier"": 0.5112463390928146, ""feasibility"": 0.0, ""complementarity"": 0.0, ""tangent_eigenvalues"": [-3.853644213315078, -2.854250642917514, -1.8717966884804653, -0.6930052008248859], ""tangent_warning"": ""Equality-tangent diagnostic; weakly active critical cone is not certified""}], ""validated_stationary_points"": [{""q"": [0.2769336982230564, 0.35318235297651, 0.2848686665163566, 0.3778554360347538, 0.5018192216377316], ""Y"": 1.552936346537086, ""spending"": 2.338086983778348, ""optimizer_success"": true, ""residual"": 1.440340635650017e-08, ""multiplier"": 0.5112463390928146, ""feasibility"": 0.0, ""complementarity"": 0.0, ""tangent_eigenvalues"": [-3.853644213315078, -2.854250642917514, -1.8717966884804653, -0.6930052008248859], ""tangent_warning"": ""Equality-tangent diagnostic; weakly active critical cone is not certified""}], ""starts"": 8, ""failed_kkt_starts"": 0, ""eigenvalues"": [-1.0394178512900507, -0.8760841227573644, -0.2968788643971138, -0.03394121231719012, 0.24779831809489983], ""global_certified"": false, ""status"": ""best_found_not_global_certificate""}"
run-8744fe81ca6146dd,0,3.8614422331286185,14.028521902670086,False,1,"{""best"": {""q"": [0.945646464771585, 0.5248644319043545, 0.9440052931165699, 0.954757936479156, 0.9663307414534142], ""Y"": 3.8614422331286185, ""spending"": 14.028521902670086, ""optimizer_success"": true, ""residual"": 2.1553980156241437e-08, ""multiplier"": 0.0436849896776532, ""feasibility"": 0.0, ""complementarity"": 0.0, ""tangent_eigenvalues"": [-36.681123686680365, -19.744179424567132, -15.638426897814316, -0.5352089032101511], ""tangent_warning"": ""Equality-tangent diagnostic; weakly active critical cone is not certified""}, ""solutions"": [{""q"": [0.945646464771585, 0.5248644319043545, 0.9440052931165699, 0.954757936479156, 0.9663307414534142], ""Y"": 3.8614422331286185, ""spending"": 14.028521902670086, ""optimizer_success"": true, ""residual"": 2.1553980156241437e-08, ""multiplier"": 0.0436849896776532, ""feasibility"": 0.0, ""complementarity"": 0.0, ""tangent_eigenvalues"": [-36.681123686680365, -19.744179424567132, -15.638426897814316, -0.5352089032101511], ""tangent_warning"": ""Equality-tangent diagnostic; weakly active critical cone is not certified""}], ""validated_stationary_points"": [{""q"": [0.945646464771585, 0.5248644319043545, 0.9440052931165699, 0.954757936479156, 0.9663307414534142], ""Y"": 3.8614422331286185, ""spending"": 14.028521902670086, ""optimizer_success"": true, ""residual"": 2.1553980156241437e-08, ""multiplier"": 0.0436849896776532, ""feasibility"": 0.0, ""complementarity"": 0.0, ""tangent_eigenvalues"": [-36.681123686680365, -19.744179424567132, -15.638426897814316, -0.5352089032101511], ""tangent_warning"": ""Equality-tangent diagnostic; weakly active critical cone is not certified""}], ""starts"": 8, ""failed_kkt_starts"": 0, ""eigenvalues"": [-1.0394178512900507, -0.8760841227573644, -0.2968788643971138, -0.03394121231719012, 0.24779831809489983], ""global_certified"": false, ""status"": ""best_found_not_global_certificate""}"
run-f2939a8a9c1bba7f,0,0.6561644902373129,1.4999999999999176,False,2,"{""best"": {""q"": [0.7768698398515388, 5.822087835505131e-14], ""Y"": 0.6561644902373129, ""spending"": 1.4999999999999176, ""optimizer_success"": true, ""residual"": 1.1102230246251565e-16, ""multiplier"": 0.1537929234362045, ""feasibility"": 0.0, ""complementarity"": 1.2669237791047974e-14, ""tangent_eigenvalues"": [], ""tangent_warning"": ""Equality-tangent diagnostic; weakly active critical cone is not certified""}, ""solutions"": [{""q"": [0.7768698398515388, 5.822087835505131e-14], ""Y"": 0.6561644902373129, ""spending"": 1.4999999999999176, ""optimizer_success"": true, ""residual"": 1.1102230246251565e-16, ""multiplier"": 0.1537929234362045, ""feasibility"": 0.0, ""complementarity"": 1.2669237791047974e-14, ""tangent_eigenvalues"": [], ""tangent_warning"": ""Equality-tangent diagnostic; weakly active critical cone is not certified""}, {""q"": [0.0, 0.7768698398515702], ""Y"": 0.5007905222670553, ""spending"": 1.5000000000000002, ""optimizer_success"": true, ""residual"": 1.6653345369377348e-16, ""multiplier"": 0.10916689140651753, ""feasibility"": 2.220446049250313e-16, ""complementarity"": 2.423991927325398e-17, ""tangent_eigenvalues"": [], ""tangent_warning"": ""Equality-tangent diagnostic; weakly active critical cone is not certified""}], ""validated_stationary_points"": [{""q"": [0.7768698398515388, 5.822087835505131e-14], ""Y"": 0.6561644902373129, ""spending"": 1.4999999999999176, ""optimizer_success"": true, ""residual"": 1.1102230246251565e-16, ""multiplier"": 0.1537929234362045, ""feasibility"": 0.0, ""complementarity"": 1.2669237791047974e-14, ""tangent_eigenvalues"": [], ""tangent_warning"": ""Equality-tangent diagnostic; weakly active critical cone is not certified""}, {""q"": [0.0, 0.7768698398515702], ""Y"": 0.5007905222670553, ""spending"": 1.5000000000000002, ""optimizer_success"": true, ""residual"": 1.6653345369377348e-16, ""multiplier"": 0.10916689140651753, ""feasibility"": 2.220446049250313e-16, ""complementarity"": 2.423991927325398e-17, ""tangent_eigenvalues"": [], ""tangent_warning"": ""Equality-tangent diagnostic; weakly active critical cone is not certified""}], ""starts"": 8, ""failed_kkt_starts"": 0, ""eigenvalues"": [-1.1, 0.7], ""global_certified"": false, ""status"": ""best_found_not_global_certificate""}"
run-c4566246a108d727,0,0.9797399049771109,1.9999999999999996,True,1,"{""best"": {""q"": [0.7398699524879262, 0.4797399049783696], ""Y"": 0.9797399049771109, ""spending"": 1.9999999999999996, ""optimizer_success"": true, ""residual"": 1.9352297542241104e-12, ""multiplier"": 0.260130047511822, ""feasibility"": 0.0, ""complementarity"": 1.1552094725778428e-16, ""tangent_eigenvalues"": [-1.537692411270342], ""tangent_warning"": ""Equality-tangent diagnostic; weakly active critical cone is not certified""}, ""solutions"": [{""q"": [0.7398699524879262, 0.4797399049783696], ""Y"": 0.9797399049771109, ""spending"": 1.9999999999999996, ""optimizer_success"": true, ""residual"": 1.9352297542241104e-12, ""multiplier"": 0.260130047511822, ""feasibility"": 0.0, ""complementarity"": 1.1552094725778428e-16, ""tangent_eigenvalues"": [-1.537692411270342], ""tangent_warning"": ""Equality-tangent diagnostic; weakly active critical cone is not certified""}], ""validated_stationary_points"": [{""q"": [0.7398699524879262, 0.4797399049783696], ""Y"": 0.9797399049771109, ""spending"": 1.9999999999999996, ""optimizer_success"": true, ""residual"": 1.9352297542241104e-12, ""multiplier"": 0.260130047511822, ""feasibility"": 0.0, ""complementarity"": 1.1552094725778428e-16, ""tangent_eigenvalues"": [-1.537692411270342], ""tangent_warning"": ""Equality-tangent diagnostic; weakly active critical cone is not certified""}], ""starts"": 8, ""failed_kkt_starts"": 0, ""eigenvalues"": [0.0, 0.0], ""global_certified"": true, ""status"": ""concave_KKT_global""}"
run-7039a310d02cebae,0,2.5219210850455274,4.676173967556696,False,1,"{""best"": {""q"": [0.5693204422439551, 0.3654713672929601, 0.5786063171214448, 0.6367219178956662, 0.7073279932364891], ""Y"": 2.5219210850455274, ""spending"": 4.676173967556696, ""optimizer_success"": true, ""residual"": 3.3476525995723705e-09, ""multiplier"": 0.3275657574106185, ""feasibility"": 0.0, ""complementarity"": 0.0, ""tangent_eigenvalues"": [-5.4985064776856705, -3.6153636588204647, -2.8348570630548853, -0.7059040597496834], ""tangent_warning"": ""Equality-tangent diagnostic; weakly active critical cone is not certified""}, ""solutions"": [{""q"": [0.5693204422439551, 0.3654713672929601, 0.5786063171214448, 0.6367219178956662, 0.7073279932364891], ""Y"": 2.5219210850455274, ""spending"": 4.676173967556696, ""optimizer_success"": true, ""residual"": 3.3476525995723705e-09, ""multiplier"": 0.3275657574106185, ""feasibility"": 0.0, ""complementarity"": 0.0, ""tangent_eigenvalues"": [-5.4985064776856705, -3.6153636588204647, -2.8348570630548853, -0.7059040597496834], ""tangent_warning"": ""Equality-tangent diagnostic; weakly active critical cone is not certified""}], ""validated_stationary_points"": [{""q"": [0.5693204422439551, 0.3654713672929601, 0.5786063171214448, 0.6367219178956662, 0.7073279932364891], ""Y"": 2.5219210850455274, ""spending"": 4.676173967556696, ""optimizer_success"": true, ""residual"": 3.3476525995723705e-09, ""multiplier"": 0.3275657574106185, ""feasibility"": 0.0, ""complementarity"": 0.0, ""tangent_eigenvalues"": [-5.4985064776856705, -3.6153636588204647, -2.8348570630548853, -0.7059040597496834], ""tangent_warning"": ""Equality-tangent diagnostic; weakly active critical cone is not certified""}], ""starts"": 8, ""failed_kkt_starts"": 0, ""eigenvalues"": [-1.0394178512900507, -0.8760841227573644, -0.2968788643971138, -0.03394121231719012, 0.24779831809489983], ""global_certified"": false, ""status"": ""best_found_not_global_certificate""}"
run-26d1e1738aaee7c3,0,0.8772872618061454,4.676173967556695,False,1,"{""best"": {""q"": [0.15748355084439622, 0.9777756087373599, 0.0, 0.7233431306536667, 0.0], ""Y"": 0.8772872618061454, ""spending"": 4.676173967556695, ""optimizer_success"": false, ""residual"": 1.7881759580007373e-09, ""multiplier"": 0.003746472159641882, ""feasibility"": 0.0, ""complementarity"": 3.327535722201242e-18, ""tangent_eigenvalues"": [-1.414771782502525, -0.22196322361722007], ""tangent_warning"": ""Equality-tangent diagnostic; weakly active critical cone is not certified""}, ""solutions"": [{""q"": [0.15748355084439622, 0.9777756087373599, 0.0, 0.7233431306536667, 0.0], ""Y"": 0.8772872618061454, ""spending"": 4.676173967556695, ""optimizer_success"": false, ""residual"": 1.7881759580007373e-09, ""multiplier"": 0.003746472159641882, ""feasibility"": 0.0, ""complementarity"": 3.327535722201242e-18, ""tangent_eigenvalues"": [-1.414771782502525, -0.22196322361722007], ""tangent_warning"": ""Equality-tangent diagnostic; weakly active critical cone is not certified""}], ""validated_stationary_points"": [{""q"": [0.15748355084439622, 0.9777756087373599, 0.0, 0.7233431306536667, 0.0], ""Y"": 0.8772872618061454, ""spending"": 4.676173967556695, ""optimizer_success"": false, ""residual"": 1.7881759580007373e-09, ""multiplier"": 0.003746472159641882, ""feasibility"": 0.0, ""complementarity"": 3.327535722201242e-18, ""tangent_eigenvalues"": [-1.414771782502525, -0.22196322361722007], ""tangent_warning"": ""Equality-tangent diagnostic; weakly active critical cone is not certified""}], ""starts"": 8, ""failed_kkt_starts"": 0, ""eigenvalues"": [-1.403744427646988, -0.46825650661764295, -0.24484909227076085, -0.0684349768750732, 0.18676127074364526], ""global_certified"": false, ""status"": ""best_found_not_global_certificate""}"
run-9875df55f0b7fa78,0,2.5219210850455274,4.676173967556696,False,1,"{""best"": {""q"": [0.5693204422439551, 0.3654713672929601, 0.5786063171214448, 0.6367219178956662, 0.7073279932364891], ""Y"": 2.5219210850455274, ""spending"": 4.676173967556696, ""optimizer_success"": true, ""residual"": 3.3476525995723705e-09, ""multiplier"": 0.3275657574106185, ""feasibility"": 0.0, ""complementarity"": 0.0, ""tangent_eigenvalues"": [-5.4985064776856705, -3.6153636588204647, -2.8348570630548853, -0.7059040597496834], ""tangent_warning"": ""Equality-tangent diagnostic; weakly active critical cone is not certified""}, ""solutions"": [{""q"": [0.5693204422439551, 0.3654713672929601, 0.5786063171214448, 0.6367219178956662, 0.7073279932364891], ""Y"": 2.5219210850455274, ""spending"": 4.676173967556696, ""optimizer_success"": true, ""residual"": 3.3476525995723705e-09, ""multiplier"": 0.3275657574106185, ""feasibility"": 0.0, ""complementarity"": 0.0, ""tangent_eigenvalues"": [-5.4985064776856705, -3.6153636588204647, -2.8348570630548853, -0.7059040597496834], ""tangent_warning"": ""Equality-tangent diagnostic; weakly active critical cone is not certified""}], ""validated_stationary_points"": [{""q"": [0.5693204422439551, 0.3654713672929601, 0.5786063171214448, 0.6367219178956662, 0.7073279932364891], ""Y"": 2.5219210850455274, ""spending"": 4.676173967556696, ""optimizer_success"": true, ""residual"": 3.3476525995723705e-09, ""multiplier"": 0.3275657574106185, ""feasibility"": 0.0, ""complementarity"": 0.0, ""tangent_eigenvalues"": [-5.4985064776856705, -3.6153636588204647, -2.8348570630548853, -0.7059040597496834], ""tangent_warning"": ""Equality-tangent diagnostic; weakly active critical cone is not certified""}], ""starts"": 8, ""failed_kkt_starts"": 0, ""eigenvalues"": [-1.0394178512900507, -0.8760841227573644, -0.2968788643971138, -0.03394121231719012, 0.24779831809489983], ""global_certified"": false, ""status"": ""best_found_not_global_certificate""}"
run-8f4b7233c9aced10,0,2.5219210850455274,4.676173967556696,False,1,"{""best"": {""q"": [0.5693204422439551, 0.3654713672929601, 0.5786063171214448, 0.6367219178956662, 0.7073279932364891], ""Y"": 2.5219210850455274, ""spending"": 4.676173967556696, ""optimizer_success"": true, ""residual"": 3.3476525995723705e-09, ""multiplier"": 0.3275657574106185, ""feasibility"": 0.0, ""complementarity"": 0.0, ""tangent_eigenvalues"": [-5.4985064776856705, -3.6153636588204647, -2.8348570630548853, -0.7059040597496834], ""tangent_warning"": ""Equality-tangent diagnostic; weakly active critical cone is not certified""}, ""solutions"": [{""q"": [0.5693204422439551, 0.3654713672929601, 0.5786063171214448, 0.6367219178956662, 0.7073279932364891], ""Y"": 2.5219210850455274, ""spending"": 4.676173967556696, ""optimizer_success"": true, ""residual"": 3.3476525995723705e-09, ""multiplier"": 0.3275657574106185, ""feasibility"": 0.0, ""complementarity"": 0.0, ""tangent_eigenvalues"": [-5.4985064776856705, -3.6153636588204647, -2.8348570630548853, -0.7059040597496834], ""tangent_warning"": ""Equality-tangent diagnostic; weakly active critical cone is not certified""}], ""validated_stationary_points"": [{""q"": [0.5693204422439551, 0.3654713672929601, 0.5786063171214448, 0.6367219178956662, 0.7073279932364891], ""Y"": 2.5219210850455274, ""spending"": 4.676173967556696, ""optimizer_success"": true, ""residual"": 3.3476525995723705e-09, ""multiplier"": 0.3275657574106185, ""feasibility"": 0.0, ""complementarity"": 0.0, ""tangent_eigenvalues"": [-5.4985064776856705, -3.6153636588204647, -2.8348570630548853, -0.7059040597496834], ""tangent_warning"": ""Equality-tangent diagnostic; weakly active critical cone is not certified""}], ""starts"": 8, ""failed_kkt_starts"": 0, ""eigenvalues"": [-1.0394178512900507, -0.8760841227573644, -0.2968788643971138, -0.03394121231719012, 0.24779831809489983], ""global_certified"": false, ""status"": ""best_found_not_global_certificate""}"
run-0da58f8fee3d8c03,0,2.5219210850455274,4.676173967556696,False,1,"{""best"": {""q"": [0.5693204422439551, 0.3654713672929601, 0.5786063171214448, 0.6367219178956662, 0.7073279932364891], ""Y"": 2.5219210850455274, ""spending"": 4.676173967556696, ""optimizer_success"": true, ""residual"": 3.3476525995723705e-09, ""multiplier"": 0.3275657574106185, ""feasibility"": 0.0, ""complementarity"": 0.0, ""tangent_eigenvalues"": [-5.4985064776856705, -3.6153636588204647, -2.8348570630548853, -0.7059040597496834], ""tangent_warning"": ""Equality-tangent diagnostic; weakly active critical cone is not certified""}, ""solutions"": [{""q"": [0.5693204422439551, 0.3654713672929601, 0.5786063171214448, 0.6367219178956662, 0.7073279932364891], ""Y"": 2.5219210850455274, ""spending"": 4.676173967556696, ""optimizer_success"": true, ""residual"": 3.3476525995723705e-09, ""multiplier"": 0.3275657574106185, ""feasibility"": 0.0, ""complementarity"": 0.0, ""tangent_eigenvalues"": [-5.4985064776856705, -3.6153636588204647, -2.8348570630548853, -0.7059040597496834], ""tangent_warning"": ""Equality-tangent diagnostic; weakly active critical cone is not certified""}], ""validated_stationary_points"": [{""q"": [0.5693204422439551, 0.3654713672929601, 0.5786063171214448, 0.6367219178956662, 0.7073279932364891], ""Y"": 2.5219210850455274, ""spending"": 4.676173967556696, ""optimizer_success"": true, ""residual"": 3.3476525995723705e-09, ""multiplier"": 0.3275657574106185, ""feasibility"": 0.0, ""complementarity"": 0.0, ""tangent_eigenvalues"": [-5.4985064776856705, -3.6153636588204647, -2.8348570630548853, -0.7059040597496834], ""tangent_warning"": ""Equality-tangent diagnostic; weakly active critical cone is not certified""}], ""starts"": 8, ""failed_kkt_starts"": 0, ""eigenvalues"": [-1.0394178512900507, -0.8760841227573644, -0.2968788643971138, -0.03394121231719012, 0.24779831809489983], ""global_certified"": false, ""status"": ""best_found_not_global_certificate""}"
run-74313ae66706481b,0,2.5219210850455274,4.676173967556696,False,1,"{""best"": {""q"": [0.5693204422439551, 0.3654713672929601, 0.5786063171214448, 0.6367219178956662, 0.7073279932364891], ""Y"": 2.5219210850455274, ""spending"": 4.676173967556696, ""optimizer_success"": true, ""residual"": 3.3476525995723705e-09, ""multiplier"": 0.3275657574106185, ""feasibility"": 0.0, ""complementarity"": 0.0, ""tangent_eigenvalues"": [-5.4985064776856705, -3.6153636588204647, -2.8348570630548853, -0.7059040597496834], ""tangent_warning"": ""Equality-tangent diagnostic; weakly active critical cone is not certified""}, ""solutions"": [{""q"": [0.5693204422439551, 0.3654713672929601, 0.5786063171214448, 0.6367219178956662, 0.7073279932364891], ""Y"": 2.5219210850455274, ""spending"": 4.676173967556696, ""optimizer_success"": true, ""residual"": 3.3476525995723705e-09, ""multiplier"": 0.3275657574106185, ""feasibility"": 0.0, ""complementarity"": 0.0, ""tangent_eigenvalues"": [-5.4985064776856705, -3.6153636588204647, -2.8348570630548853, -0.7059040597496834], ""tangent_warning"": ""Equality-tangent diagnostic; weakly active critical cone is not certified""}], ""validated_stationary_points"": [{""q"": [0.5693204422439551, 0.3654713672929601, 0.5786063171214448, 0.6367219178956662, 0.7073279932364891], ""Y"": 2.5219210850455274, ""spending"": 4.676173967556696, ""optimizer_success"": true, ""residual"": 3.3476525995723705e-09, ""multiplier"": 0.3275657574106185, ""feasibility"": 0.0, ""complementarity"": 0.0, ""tangent_eigenvalues"": [-5.4985064776856705, -3.6153636588204647, -2.8348570630548853, -0.7059040597496834], ""tangent_warning"": ""Equality-tangent diagnostic; weakly active critical cone is not certified""}], ""starts"": 8, ""failed_kkt_starts"": 0, ""eigenvalues"": [-1.0394178512900507, -0.8760841227573644, -0.2968788643971138, -0.03394121231719012, 0.24779831809489983], ""global_certified"": false, ""status"": ""best_found_not_global_certificate""}"
run-132b57bad8acfe7a,0,2.5219210850455274,4.676173967556696,False,1,"{""best"": {""q"": [0.5693204422439551, 0.3654713672929601, 0.5786063171214448, 0.6367219178956662, 0.7073279932364891], ""Y"": 2.5219210850455274, ""spending"": 4.676173967556696, ""optimizer_success"": true, ""residual"": 3.3476525995723705e-09, ""multiplier"": 0.3275657574106185, ""feasibility"": 0.0, ""complementarity"": 0.0, ""tangent_eigenvalues"": [-5.4985064776856705, -3.6153636588204647, -2.8348570630548853, -0.7059040597496834], ""tangent_warning"": ""Equality-tangent diagnostic; weakly active critical cone is not certified""}, ""solutions"": [{""q"": [0.5693204422439551, 0.3654713672929601, 0.5786063171214448, 0.6367219178956662, 0.7073279932364891], ""Y"": 2.5219210850455274, ""spending"": 4.676173967556696, ""optimizer_success"": true, ""residual"": 3.3476525995723705e-09, ""multiplier"": 0.3275657574106185, ""feasibility"": 0.0, ""complementarity"": 0.0, ""tangent_eigenvalues"": [-5.4985064776856705, -3.6153636588204647, -2.8348570630548853, -0.7059040597496834], ""tangent_warning"": ""Equality-tangent diagnostic; weakly active critical cone is not certified""}], ""validated_stationary_points"": [{""q"": [0.5693204422439551, 0.3654713672929601, 0.5786063171214448, 0.6367219178956662, 0.7073279932364891], ""Y"": 2.5219210850455274, ""spending"": 4.676173967556696, ""optimizer_success"": true, ""residual"": 3.3476525995723705e-09, ""multiplier"": 0.3275657574106185, ""feasibility"": 0.0, ""complementarity"": 0.0, ""tangent_eigenvalues"": [-5.4985064776856705, -3.6153636588204647, -2.8348570630548853, -0.7059040597496834], ""tangent_warning"": ""Equality-tangent diagnostic; weakly active critical cone is not certified""}], ""starts"": 8, ""failed_kkt_starts"": 0, ""eigenvalues"": [-1.0394178512900507, -0.8760841227573644, -0.2968788643971138, -0.03394121231719012, 0.24779831809489983], ""global_certified"": false, ""status"": ""best_found_not_global_certificate""}"
run-0322cdba32b0034a,0,2.5219210850455274,4.676173967556696,False,1,"{""best"": {""q"": [0.5693204422439551, 0.3654713672929601, 0.5786063171214448, 0.6367219178956662, 0.7073279932364891], ""Y"": 2.5219210850455274, ""spending"": 4.676173967556696, ""optimizer_success"": true, ""residual"": 3.3476525995723705e-09, ""multiplier"": 0.3275657574106185, ""feasibility"": 0.0, ""complementarity"": 0.0, ""tangent_eigenvalues"": [-5.4985064776856705, -3.6153636588204647, -2.8348570630548853, -0.7059040597496834], ""tangent_warning"": ""Equality-tangent diagnostic; weakly active critical cone is not certified""}, ""solutions"": [{""q"": [0.5693204422439551, 0.3654713672929601, 0.5786063171214448, 0.6367219178956662, 0.7073279932364891], ""Y"": 2.5219210850455274, ""spending"": 4.676173967556696, ""optimizer_success"": true, ""residual"": 3.3476525995723705e-09, ""multiplier"": 0.3275657574106185, ""feasibility"": 0.0, ""complementarity"": 0.0, ""tangent_eigenvalues"": [-5.4985064776856705, -3.6153636588204647, -2.8348570630548853, -0.7059040597496834], ""tangent_warning"": ""Equality-tangent diagnostic; weakly active critical cone is not certified""}], ""validated_stationary_points"": [{""q"": [0.5693204422439551, 0.3654713672929601, 0.5786063171214448, 0.6367219178956662, 0.7073279932364891], ""Y"": 2.5219210850455274, ""spending"": 4.676173967556696, ""optimizer_success"": true, ""residual"": 3.3476525995723705e-09, ""multiplier"": 0.3275657574106185, ""feasibility"": 0.0, ""complementarity"": 0.0, ""tangent_eigenvalues"": [-5.4985064776856705, -3.6153636588204647, -2.8348570630548853, -0.7059040597496834], ""tangent_warning"": ""Equality-tangent diagnostic; weakly active critical cone is not certified""}], ""starts"": 8, ""failed_kkt_starts"": 0, ""eigenvalues"": [-1.0394178512900507, -0.8760841227573644, -0.2968788643971138, -0.03394121231719012, 0.24779831809489983], ""global_certified"": false, ""status"": ""best_found_not_global_certificate""}"
run-583a52b561f35b11,0,1.9945949031728452,4.6761739675566965,True,1,"{""best"": {""q"": [0.4859157204048909, 0.7088393893744573, 0.46332036016062494, 0.6209820054723634, 0.6806690565005117], ""Y"": 1.9945949031728452, ""spending"": 4.6761739675566965, ""optimizer_success"": true, ""residual"": 9.287814961567165e-09, ""multiplier"": 0.18301874703870183, ""feasibility"": 8.881784197001252e-16, ""complementarity"": 1.6255330152033117e-16, ""tangent_eigenvalues"": [-2.917256836656632, -2.159022843613286, -1.7582476612488416, -1.5094613977184073], ""tangent_warning"": ""Equality-tangent diagnostic; weakly active critical cone is not certified""}, ""solutions"": [{""q"": [0.4859157204048909, 0.7088393893744573, 0.46332036016062494, 0.6209820054723634, 0.6806690565005117], ""Y"": 1.9945949031728452, ""spending"": 4.6761739675566965, ""optimizer_success"": true, ""residual"": 9.287814961567165e-09, ""multiplier"": 0.18301874703870183, ""feasibility"": 8.881784197001252e-16, ""complementarity"": 1.6255330152033117e-16, ""tangent_eigenvalues"": [-2.917256836656632, -2.159022843613286, -1.7582476612488416, -1.5094613977184073], ""tangent_warning"": ""Equality-tangent diagnostic; weakly active critical cone is not certified""}], ""validated_stationary_points"": [{""q"": [0.4859157204048909, 0.7088393893744573, 0.46332036016062494, 0.6209820054723634, 0.6806690565005117], ""Y"": 1.9945949031728452, ""spending"": 4.6761739675566965, ""optimizer_success"": true, ""residual"": 9.287814961567165e-09, ""multiplier"": 0.18301874703870183, ""feasibility"": 8.881784197001252e-16, ""complementarity"": 1.6255330152033117e-16, ""tangent_eigenvalues"": [-2.917256836656632, -2.159022843613286, -1.7582476612488416, -1.5094613977184073], ""tangent_warning"": ""Equality-tangent diagnostic; weakly active critical cone is not certified""}], ""starts"": 8, ""failed_kkt_starts"": 0, ""eigenvalues"": [-0.6149421970825604, -0.5430576309743285, -0.3722272420345532, -0.29482918013813886, -0.17346748243723853], ""global_certified"": true, ""status"": ""concave_KKT_global""}"
run-506955f08b67bab7,0,3.509630265201639,4.676173967556696,False,1,"{""best"": {""q"": [0.6245505974896435, 4.153998387542243e-15, 0.6896257682368502, 0.6508043171455828, 0.6595939729080358], ""Y"": 3.509630265201639, ""spending"": 4.676173967556696, ""optimizer_success"": true, ""residual"": 4.43105068193006e-08, ""multiplier"": 0.5733762988585688, ""feasibility"": 0.0, ""complementarity"": 0.0, ""tangent_eigenvalues"": [-8.821016124887397, -7.073037668011732, -5.00845399684279], ""tangent_warning"": ""Equality-tangent diagnostic; weakly active critical cone is not certified""}, ""solutions"": [{""q"": [0.6245505974896435, 4.153998387542243e-15, 0.6896257682368502, 0.6508043171455828, 0.6595939729080358], ""Y"": 3.509630265201639, ""spending"": 4.676173967556696, ""optimizer_success"": true, ""residual"": 4.43105068193006e-08, ""multiplier"": 0.5733762988585688, ""feasibility"": 0.0, ""complementarity"": 0.0, ""tangent_eigenvalues"": [-8.821016124887397, -7.073037668011732, -5.00845399684279], ""tangent_warning"": ""Equality-tangent diagnostic; weakly active critical cone is not certified""}], ""validated_stationary_points"": [{""q"": [0.6245505974896435, 4.153998387542243e-15, 0.6896257682368502, 0.6508043171455828, 0.6595939729080358], ""Y"": 3.509630265201639, ""spending"": 4.676173967556696, ""optimizer_success"": true, ""residual"": 4.43105068193006e-08, ""multiplier"": 0.5733762988585688, ""feasibility"": 0.0, ""complementarity"": 0.0, ""tangent_eigenvalues"": [-8.821016124887397, -7.073037668011732, -5.00845399684279], ""tangent_warning"": ""Equality-tangent diagnostic; weakly active critical cone is not certified""}], ""starts"": 8, ""failed_kkt_starts"": 0, ""eigenvalues"": [-1.636287706439483, -1.3375921274743194, -0.2262642342953783, 0.2984980064603533, 0.9031223290820068], ""global_certified"": false, ""status"": ""best_found_not_global_certificate""}"
run-a17a424275b59812,0,2.5219210850455274,4.676173967556696,False,1,"{""best"": {""q"": [0.5693204422439551, 0.3654713672929601, 0.5786063171214448, 0.6367219178956662, 0.7073279932364891], ""Y"": 2.5219210850455274, ""spending"": 4.676173967556696, ""optimizer_success"": true, ""residual"": 3.3476525995723705e-09, ""multiplier"": 0.3275657574106185, ""feasibility"": 0.0, ""complementarity"": 0.0, ""tangent_eigenvalues"": [-5.4985064776856705, -3.6153636588204647, -2.8348570630548853, -0.7059040597496834], ""tangent_warning"": ""Equality-tangent diagnostic; weakly active critical cone is not certified""}, ""solutions"": [{""q"": [0.5693204422439551, 0.3654713672929601, 0.5786063171214448, 0.6367219178956662, 0.7073279932364891], ""Y"": 2.5219210850455274, ""spending"": 4.676173967556696, ""optimizer_success"": true, ""residual"": 3.3476525995723705e-09, ""multiplier"": 0.3275657574106185, ""feasibility"": 0.0, ""complementarity"": 0.0, ""tangent_eigenvalues"": [-5.4985064776856705, -3.6153636588204647, -2.8348570630548853, -0.7059040597496834], ""tangent_warning"": ""Equality-tangent diagnostic; weakly active critical cone is not certified""}], ""validated_stationary_points"": [{""q"": [0.5693204422439551, 0.3654713672929601, 0.5786063171214448, 0.6367219178956662, 0.7073279932364891], ""Y"": 2.5219210850455274, ""spending"": 4.676173967556696, ""optimizer_success"": true, ""residual"": 3.3476525995723705e-09, ""multiplier"": 0.3275657574106185, ""feasibility"": 0.0, ""complementarity"": 0.0, ""tangent_eigenvalues"": [-5.4985064776856705, -3.6153636588204647, -2.8348570630548853, -0.7059040597496834], ""tangent_warning"": ""Equality-tangent diagnostic; weakly active critical cone is not certified""}], ""starts"": 8, ""failed_kkt_starts"": 0, ""eigenvalues"": [-1.0394178512900507, -0.8760841227573644, -0.2968788643971138, -0.03394121231719012, 0.24779831809489983], ""global_certified"": false, ""status"": ""best_found_not_global_certificate""}"
run-876c0303f4a691c4,0,2.5219210850455274,4.676173967556696,False,1,"{""best"": {""q"": [0.5693204422439551, 0.3654713672929601, 0.5786063171214448, 0.6367219178956662, 0.7073279932364891], ""Y"": 2.5219210850455274, ""spending"": 4.676173967556696, ""optimizer_success"": true, ""residual"": 3.3476525995723705e-09, ""multiplier"": 0.3275657574106185, ""feasibility"": 0.0, ""complementarity"": 0.0, ""tangent_eigenvalues"": [-5.4985064776856705, -3.6153636588204647, -2.8348570630548853, -0.7059040597496834], ""tangent_warning"": ""Equality-tangent diagnostic; weakly active critical cone is not certified""}, ""solutions"": [{""q"": [0.5693204422439551, 0.3654713672929601, 0.5786063171214448, 0.6367219178956662, 0.7073279932364891], ""Y"": 2.5219210850455274, ""spending"": 4.676173967556696, ""optimizer_success"": true, ""residual"": 3.3476525995723705e-09, ""multiplier"": 0.3275657574106185, ""feasibility"": 0.0, ""complementarity"": 0.0, ""tangent_eigenvalues"": [-5.4985064776856705, -3.6153636588204647, -2.8348570630548853, -0.7059040597496834], ""tangent_warning"": ""Equality-tangent diagnostic; weakly active critical cone is not certified""}], ""validated_stationary_points"": [{""q"": [0.5693204422439551, 0.3654713672929601, 0.5786063171214448, 0.6367219178956662, 0.7073279932364891], ""Y"": 2.5219210850455274, ""spending"": 4.676173967556696, ""optimizer_success"": true, ""residual"": 3.3476525995723705e-09, ""multiplier"": 0.3275657574106185, ""feasibility"": 0.0, ""complementarity"": 0.0, ""tangent_eigenvalues"": [-5.4985064776856705, -3.6153636588204647, -2.8348570630548853, -0.7059040597496834], ""tangent_warning"": ""Equality-tangent diagnostic; weakly active critical cone is not certified""}], ""starts"": 8, ""failed_kkt_starts"": 0, ""eigenvalues"": [-1.0394178512900507, -0.8760841227573644, -0.2968788643971138, -0.03394121231719012, 0.24779831809489983], ""global_certified"": false, ""status"": ""best_found_not_global_certificate""}"
run-0f66549dd07e7c92,0,2.0206231545848508,4.676173967556696,True,1,"{""best"": {""q"": [0.5523461026685544, 0.30793760493136235, 0.5656365030857202, 0.666957860586526, 0.7104589821498645], ""Y"": 2.0206231545848508, ""spending"": 4.676173967556696, ""optimizer_success"": true, ""residual"": 1.9184758837109683e-08, ""multiplier"": 0.20285503298598212, ""feasibility"": 0.0, ""complementarity"": 0.0, ""tangent_eigenvalues"": [-4.903806146623887, -3.463677140733531, -2.542659043615544, -0.9485887360889298], ""tangent_warning"": ""Equality-tangent diagnostic; weakly active critical cone is not certified""}, ""solutions"": [{""q"": [0.5523461026685544, 0.30793760493136235, 0.5656365030857202, 0.666957860586526, 0.7104589821498645], ""Y"": 2.0206231545848508, ""spending"": 4.676173967556696, ""optimizer_success"": true, ""residual"": 1.9184758837109683e-08, ""multiplier"": 0.20285503298598212, ""feasibility"": 0.0, ""complementarity"": 0.0, ""tangent_eigenvalues"": [-4.903806146623887, -3.463677140733531, -2.542659043615544, -0.9485887360889298], ""tangent_warning"": ""Equality-tangent diagnostic; weakly active critical cone is not certified""}], ""validated_stationary_points"": [{""q"": [0.5523461026685544, 0.30793760493136235, 0.5656365030857202, 0.666957860586526, 0.7104589821498645], ""Y"": 2.0206231545848508, ""spending"": 4.676173967556696, ""optimizer_success"": true, ""residual"": 1.9184758837109683e-08, ""multiplier"": 0.20285503298598212, ""feasibility"": 0.0, ""complementarity"": 0.0, ""tangent_eigenvalues"": [-4.903806146623887, -3.463677140733531, -2.542659043615544, -0.9485887360889298], ""tangent_warning"": ""Equality-tangent diagnostic; weakly active critical cone is not certified""}], ""starts"": 8, ""failed_kkt_starts"": 0, ""eigenvalues"": [-1.3372161693849505, -1.1738824408522643, -0.5946771824920136, -0.33173953041208976, -0.04999999999999982], ""global_certified"": true, ""status"": ""concave_KKT_global""}"
run-0cc4bc09697b58e8,0,2.5219210850455274,4.676173967556696,False,1,"{""best"": {""q"": [0.5693204422439551, 0.3654713672929601, 0.5786063171214448, 0.6367219178956662, 0.7073279932364891], ""Y"": 2.5219210850455274, ""spending"": 4.676173967556696, ""optimizer_success"": true, ""residual"": 3.3476525995723705e-09, ""multiplier"": 0.3275657574106185, ""feasibility"": 0.0, ""complementarity"": 0.0, ""tangent_eigenvalues"": [-5.4985064776856705, -3.6153636588204647, -2.8348570630548853, -0.7059040597496834], ""tangent_warning"": ""Equality-tangent diagnostic; weakly active critical cone is not certified""}, ""solutions"": [{""q"": [0.5693204422439551, 0.3654713672929601, 0.5786063171214448, 0.6367219178956662, 0.7073279932364891], ""Y"": 2.5219210850455274, ""spending"": 4.676173967556696, ""optimizer_success"": true, ""residual"": 3.3476525995723705e-09, ""multiplier"": 0.3275657574106185, ""feasibility"": 0.0, ""complementarity"": 0.0, ""tangent_eigenvalues"": [-5.4985064776856705, -3.6153636588204647, -2.8348570630548853, -0.7059040597496834], ""tangent_warning"": ""Equality-tangent diagnostic; weakly active critical cone is not certified""}], ""validated_stationary_points"": [{""q"": [0.5693204422439551, 0.3654713672929601, 0.5786063171214448, 0.6367219178956662, 0.7073279932364891], ""Y"": 2.5219210850455274, ""spending"": 4.676173967556696, ""optimizer_success"": true, ""residual"": 3.3476525995723705e-09, ""multiplier"": 0.3275657574106185, ""feasibility"": 0.0, ""complementarity"": 0.0, ""tangent_eigenvalues"": [-5.4985064776856705, -3.6153636588204647, -2.8348570630548853, -0.7059040597496834], ""tangent_warning"": ""Equality-tangent diagnostic; weakly active critical cone is not certified""}], ""starts"": 8, ""failed_kkt_starts"": 0, ""eigenvalues"": [-1.0394178512900507, -0.8760841227573644, -0.2968788643971138, -0.03394121231719012, 0.24779831809489983], ""global_certified"": false, ""status"": ""best_found_not_global_certificate""}"
run-4276bdb822b0736f,0,2.5219210850455274,4.676173967556696,False,1,"{""best"": {""q"": [0.5693204422439551, 0.3654713672929601, 0.5786063171214448, 0.6367219178956662, 0.7073279932364891], ""Y"": 2.5219210850455274, ""spending"": 4.676173967556696, ""optimizer_success"": true, ""residual"": 3.3476525995723705e-09, ""multiplier"": 0.3275657574106185, ""feasibility"": 0.0, ""complementarity"": 0.0, ""tangent_eigenvalues"": [-5.4985064776856705, -3.6153636588204647, -2.8348570630548853, -0.7059040597496834], ""tangent_warning"": ""Equality-tangent diagnostic; weakly active critical cone is not certified""}, ""solutions"": [{""q"": [0.5693204422439551, 0.3654713672929601, 0.5786063171214448, 0.6367219178956662, 0.7073279932364891], ""Y"": 2.5219210850455274, ""spending"": 4.676173967556696, ""optimizer_success"": true, ""residual"": 3.3476525995723705e-09, ""multiplier"": 0.3275657574106185, ""feasibility"": 0.0, ""complementarity"": 0.0, ""tangent_eigenvalues"": [-5.4985064776856705, -3.6153636588204647, -2.8348570630548853, -0.7059040597496834], ""tangent_warning"": ""Equality-tangent diagnostic; weakly active critical cone is not certified""}], ""validated_stationary_points"": [{""q"": [0.5693204422439551, 0.3654713672929601, 0.5786063171214448, 0.6367219178956662, 0.7073279932364891], ""Y"": 2.5219210850455274, ""spending"": 4.676173967556696, ""optimizer_success"": true, ""residual"": 3.3476525995723705e-09, ""multiplier"": 0.3275657574106185, ""feasibility"": 0.0, ""complementarity"": 0.0, ""tangent_eigenvalues"": [-5.4985064776856705, -3.6153636588204647, -2.8348570630548853, -0.7059040597496834], ""tangent_warning"": ""Equality-tangent diagnostic; weakly active critical cone is not certified""}], ""starts"": 8, ""failed_kkt_starts"": 0, ""eigenvalues"": [-1.0394178512900507, -0.8760841227573644, -0.2968788643971138, -0.03394121231719012, 0.24779831809489983], ""global_certified"": false, ""status"": ""best_found_not_global_certificate""}"
run-4276bdb822b0736f,6,2.521809653265093,4.676173967556695,False,2,"{""best"": {""q"": [0.5660335660925327, 0.3828345971990396, 0.5729418436694225, 0.6352610083351058, 0.7090184198499244], ""Y"": 2.521809653265093, ""spending"": 4.676173967556695, ""optimizer_success"": true, ""residual"": 4.3328785004348447e-10, ""multiplier"": 0.3297063400534125, ""feasibility"": 0.0, ""complementarity"": 2.92838056073752e-16, ""tangent_eigenvalues"": [-6.296051835073731, -3.923588243297088, -3.0401347120695466, -1.1121045587652125], ""tangent_warning"": ""Equality-tangent diagnostic; weakly active critical cone is not certified""}, ""solutions"": [{""q"": [0.5660335660925327, 0.3828345971990396, 0.5729418436694225, 0.6352610083351058, 0.7090184198499244], ""Y"": 2.521809653265093, ""spending"": 4.676173967556695, ""optimizer_success"": true, ""residual"": 4.3328785004348447e-10, ""multiplier"": 0.3297063400534125, ""feasibility"": 0.0, ""complementarity"": 2.92838056073752e-16, ""tangent_eigenvalues"": [-6.296051835073731, -3.923588243297088, -3.0401347120695466, -1.1121045587652125], ""tangent_warning"": ""Equality-tangent diagnostic; weakly active critical cone is not certified""}, {""q"": [2.2055605357515867e-16, 0.0, 0.0, 0.0, 0.018700910581544366], ""Y"": 1.5977829363762106, ""spending"": 0.01956985430565313, ""optimizer_success"": true, ""residual"": 4.753142324176451e-16, ""multiplier"": 0.0, ""feasibility"": 0.0, ""complementarity"": 0.0, ""tangent_eigenvalues"": [-0.9395168439719921], ""tangent_warning"": ""Equality-tangent diagnostic; weakly active critical cone is not certified""}], ""validated_stationary_points"": [{""q"": [0.5660335660925327, 0.3828345971990396, 0.5729418436694225, 0.6352610083351058, 0.7090184198499244], ""Y"": 2.521809653265093, ""spending"": 4.676173967556695, ""optimizer_success"": true, ""residual"": 4.3328785004348447e-10, ""multiplier"": 0.3297063400534125, ""feasibility"": 0.0, ""complementarity"": 2.92838056073752e-16, ""tangent_eigenvalues"": [-6.296051835073731, -3.923588243297088, -3.0401347120695466, -1.1121045587652125], ""tangent_warning"": ""Equality-tangent diagnostic; weakly active critical cone is not certified""}, {""q"": [2.2055605357515867e-16, 0.0, 0.0, 0.0, 0.018700910581544366], ""Y"": 1.5977829363762106, ""spending"": 0.01956985430565313, ""optimizer_success"": true, ""residual"": 4.753142324176451e-16, ""multiplier"": 0.0, ""feasibility"": 0.0, ""complementarity"": 0.0, ""tangent_eigenvalues"": [-0.9395168439719921], ""tangent_warning"": ""Equality-tangent diagnostic; weakly active critical cone is not certified""}], ""starts"": 8, ""failed_kkt_starts"": 0, ""eigenvalues"": [-1.5678138335955007, -0.9353341183011951, -0.42421444421133764, -0.08554587133022645, 1.0143845347714406], ""global_certified"": false, ""status"": ""best_found_not_global_certificate""}"
run-c7c7ced2ba20afac,0,2.5219210850455274,4.676173967556696,False,1,"{""best"": {""q"": [0.5693204422439551, 0.3654713672929601, 0.5786063171214448, 0.6367219178956662, 0.7073279932364891], ""Y"": 2.5219210850455274, ""spending"": 4.676173967556696, ""optimizer_success"": true, ""residual"": 3.3476525995723705e-09, ""multiplier"": 0.3275657574106185, ""feasibility"": 0.0, ""complementarity"": 0.0, ""tangent_eigenvalues"": [-5.4985064776856705, -3.6153636588204647, -2.8348570630548853, -0.7059040597496834], ""tangent_warning"": ""Equality-tangent diagnostic; weakly active critical cone is not certified""}, ""solutions"": [{""q"": [0.5693204422439551, 0.3654713672929601, 0.5786063171214448, 0.6367219178956662, 0.7073279932364891], ""Y"": 2.5219210850455274, ""spending"": 4.676173967556696, ""optimizer_success"": true, ""residual"": 3.3476525995723705e-09, ""multiplier"": 0.3275657574106185, ""feasibility"": 0.0, ""complementarity"": 0.0, ""tangent_eigenvalues"": [-5.4985064776856705, -3.6153636588204647, -2.8348570630548853, -0.7059040597496834], ""tangent_warning"": ""Equality-tangent diagnostic; weakly active critical cone is not certified""}], ""validated_stationary_points"": [{""q"": [0.5693204422439551, 0.3654713672929601, 0.5786063171214448, 0.6367219178956662, 0.7073279932364891], ""Y"": 2.5219210850455274, ""spending"": 4.676173967556696, ""optimizer_success"": true, ""residual"": 3.3476525995723705e-09, ""multiplier"": 0.3275657574106185, ""feasibility"": 0.0, ""complementarity"": 0.0, ""tangent_eigenvalues"": [-5.4985064776856705, -3.6153636588204647, -2.8348570630548853, -0.7059040597496834], ""tangent_warning"": ""Equality-tangent diagnostic; weakly active critical cone is not certified""}], ""starts"": 8, ""failed_kkt_starts"": 0, ""eigenvalues"": [-1.0394178512900507, -0.8760841227573644, -0.2968788643971138, -0.03394121231719012, 0.24779831809489983], ""global_certified"": false, ""status"": ""best_found_not_global_certificate""}"
run-c7c7ced2ba20afac,6,2.426830719379827,4.676173967556696,False,1,"{""best"": {""q"": [0.0, 0.43083778400627726, 0.20195825260514927, 0.8050852496089731, 0.825673850302308], ""Y"": 2.426830719379827, ""spending"": 4.676173967556696, ""optimizer_success"": true, ""residual"": 4.837152678405232e-09, ""multiplier"": 0.23944859431101445, ""feasibility"": 0.0, ""complementarity"": 0.0, ""tangent_eigenvalues"": [-10.873178732615315, -1.6167900235814132, -0.8759540060967357], ""tangent_warning"": ""Equality-tangent diagnostic; weakly active critical cone is not certified""}, ""solutions"": [{""q"": [0.0, 0.43083778400627726, 0.20195825260514927, 0.8050852496089731, 0.825673850302308], ""Y"": 2.426830719379827, ""spending"": 4.676173967556696, ""optimizer_success"": true, ""residual"": 4.837152678405232e-09, ""multiplier"": 0.23944859431101445, ""feasibility"": 0.0, ""complementarity"": 0.0, ""tangent_eigenvalues"": [-10.873178732615315, -1.6167900235814132, -0.8759540060967357], ""tangent_warning"": ""Equality-tangent diagnostic; weakly active critical cone is not certified""}], ""validated_stationary_points"": [{""q"": [0.0, 0.43083778400627726, 0.20195825260514927, 0.8050852496089731, 0.825673850302308], ""Y"": 2.426830719379827, ""spending"": 4.676173967556696, ""optimizer_success"": true, ""residual"": 4.837152678405232e-09, ""multiplier"": 0.23944859431101445, ""feasibility"": 0.0, ""complementarity"": 0.0, ""tangent_eigenvalues"": [-10.873178732615315, -1.6167900235814132, -0.8759540060967357], ""tangent_warning"": ""Equality-tangent diagnostic; weakly active critical cone is not certified""}], ""starts"": 8, ""failed_kkt_starts"": 0, ""eigenvalues"": [-1.6724337346116482, -0.9490062277335523, -0.41947677645900044, 0.08556993438258553, 0.956823071754796], ""global_certified"": false, ""status"": ""best_found_not_global_certificate""}"
run-0caa790d51203e99,0,2.5219210850455274,4.676173967556696,False,1,"{""best"": {""q"": [0.5693204422439551, 0.3654713672929601, 0.5786063171214448, 0.6367219178956662, 0.7073279932364891], ""Y"": 2.5219210850455274, ""spending"": 4.676173967556696, ""optimizer_success"": true, ""residual"": 3.3476525995723705e-09, ""multiplier"": 0.3275657574106185, ""feasibility"": 0.0, ""complementarity"": 0.0, ""tangent_eigenvalues"": [-5.4985064776856705, -3.6153636588204647, -2.8348570630548853, -0.7059040597496834], ""tangent_warning"": ""Equality-tangent diagnostic; weakly active critical cone is not certified""}, ""solutions"": [{""q"": [0.5693204422439551, 0.3654713672929601, 0.5786063171214448, 0.6367219178956662, 0.7073279932364891], ""Y"": 2.5219210850455274, ""spending"": 4.676173967556696, ""optimizer_success"": true, ""residual"": 3.3476525995723705e-09, ""multiplier"": 0.3275657574106185, ""feasibility"": 0.0, ""complementarity"": 0.0, ""tangent_eigenvalues"": [-5.4985064776856705, -3.6153636588204647, -2.8348570630548853, -0.7059040597496834], ""tangent_warning"": ""Equality-tangent diagnostic; weakly active critical cone is not certified""}], ""validated_stationary_points"": [{""q"": [0.5693204422439551, 0.3654713672929601, 0.5786063171214448, 0.6367219178956662, 0.7073279932364891], ""Y"": 2.5219210850455274, ""spending"": 4.676173967556696, ""optimizer_success"": true, ""residual"": 3.3476525995723705e-09, ""multiplier"": 0.3275657574106185, ""feasibility"": 0.0, ""complementarity"": 0.0, ""tangent_eigenvalues"": [-5.4985064776856705, -3.6153636588204647, -2.8348570630548853, -0.7059040597496834], ""tangent_warning"": ""Equality-tangent diagnostic; weakly active critical cone is not certified""}], ""starts"": 8, ""failed_kkt_starts"": 0, ""eigenvalues"": [-1.0394178512900507, -0.8760841227573644, -0.2968788643971138, -0.03394121231719012, 0.24779831809489983], ""global_certified"": false, ""status"": ""best_found_not_global_certificate""}"
run-4c2231fde58df90c,0,2.5219210850455274,4.676173967556696,False,1,"{""best"": {""q"": [0.5693204422439551, 0.3654713672929601, 0.5786063171214448, 0.6367219178956662, 0.7073279932364891], ""Y"": 2.5219210850455274, ""spending"": 4.676173967556696, ""optimizer_success"": true, ""residual"": 3.3476525995723705e-09, ""multiplier"": 0.3275657574106185, ""feasibility"": 0.0, ""complementarity"": 0.0, ""tangent_eigenvalues"": [-5.4985064776856705, -3.6153636588204647, -2.8348570630548853, -0.7059040597496834], ""tangent_warning"": ""Equality-tangent diagnostic; weakly active critical cone is not certified""}, ""solutions"": [{""q"": [0.5693204422439551, 0.3654713672929601, 0.5786063171214448, 0.6367219178956662, 0.7073279932364891], ""Y"": 2.5219210850455274, ""spending"": 4.676173967556696, ""optimizer_success"": true, ""residual"": 3.3476525995723705e-09, ""multiplier"": 0.3275657574106185, ""feasibility"": 0.0, ""complementarity"": 0.0, ""tangent_eigenvalues"": [-5.4985064776856705, -3.6153636588204647, -2.8348570630548853, -0.7059040597496834], ""tangent_warning"": ""Equality-tangent diagnostic; weakly active critical cone is not certified""}], ""validated_stationary_points"": [{""q"": [0.5693204422439551, 0.3654713672929601, 0.5786063171214448, 0.6367219178956662, 0.7073279932364891], ""Y"": 2.5219210850455274, ""spending"": 4.676173967556696, ""optimizer_success"": true, ""residual"": 3.3476525995723705e-09, ""multiplier"": 0.3275657574106185, ""feasibility"": 0.0, ""complementarity"": 0.0, ""tangent_eigenvalues"": [-5.4985064776856705, -3.6153636588204647, -2.8348570630548853, -0.7059040597496834], ""tangent_warning"": ""Equality-tangent diagnostic; weakly active critical cone is not certified""}], ""starts"": 8, ""failed_kkt_starts"": 0, ""eigenvalues"": [-1.0394178512900507, -0.8760841227573644, -0.2968788643971138, -0.03394121231719012, 0.24779831809489983], ""global_certified"": false, ""status"": ""best_found_not_global_certificate""}"
run-aa458ab44bde81b1,0,2.5219210850455274,4.676173967556696,False,1,"{""best"": {""q"": [0.5693204422439551, 0.3654713672929601, 0.5786063171214448, 0.6367219178956662, 0.7073279932364891], ""Y"": 2.5219210850455274, ""spending"": 4.676173967556696, ""optimizer_success"": true, ""residual"": 3.3476525995723705e-09, ""multiplier"": 0.3275657574106185, ""feasibility"": 0.0, ""complementarity"": 0.0, ""tangent_eigenvalues"": [-5.4985064776856705, -3.6153636588204647, -2.8348570630548853, -0.7059040597496834], ""tangent_warning"": ""Equality-tangent diagnostic; weakly active critical cone is not certified""}, ""solutions"": [{""q"": [0.5693204422439551, 0.3654713672929601, 0.5786063171214448, 0.6367219178956662, 0.7073279932364891], ""Y"": 2.5219210850455274, ""spending"": 4.676173967556696, ""optimizer_success"": true, ""residual"": 3.3476525995723705e-09, ""multiplier"": 0.3275657574106185, ""feasibility"": 0.0, ""complementarity"": 0.0, ""tangent_eigenvalues"": [-5.4985064776856705, -3.6153636588204647, -2.8348570630548853, -0.7059040597496834], ""tangent_warning"": ""Equality-tangent diagnostic; weakly active critical cone is not certified""}], ""validated_stationary_points"": [{""q"": [0.5693204422439551, 0.3654713672929601, 0.5786063171214448, 0.6367219178956662, 0.7073279932364891], ""Y"": 2.5219210850455274, ""spending"": 4.676173967556696, ""optimizer_success"": true, ""residual"": 3.3476525995723705e-09, ""multiplier"": 0.3275657574106185, ""feasibility"": 0.0, ""complementarity"": 0.0, ""tangent_eigenvalues"": [-5.4985064776856705, -3.6153636588204647, -2.8348570630548853, -0.7059040597496834], ""tangent_warning"": ""Equality-tangent diagnostic; weakly active critical cone is not certified""}], ""starts"": 8, ""failed_kkt_starts"": 0, ""eigenvalues"": [-1.0394178512900507, -0.8760841227573644, -0.2968788643971138, -0.03394121231719012, 0.24779831809489983], ""global_certified"": false, ""status"": ""best_found_not_global_certificate""}"
run-345585e30b6d848c,0,2.5219210850455274,4.676173967556696,False,1,"{""best"": {""q"": [0.5693204422439551, 0.3654713672929601, 0.5786063171214448, 0.6367219178956662, 0.7073279932364891], ""Y"": 2.5219210850455274, ""spending"": 4.676173967556696, ""optimizer_success"": true, ""residual"": 3.3476525995723705e-09, ""multiplier"": 0.3275657574106185, ""feasibility"": 0.0, ""complementarity"": 0.0, ""tangent_eigenvalues"": [-5.4985064776856705, -3.6153636588204647, -2.8348570630548853, -0.7059040597496834], ""tangent_warning"": ""Equality-tangent diagnostic; weakly active critical cone is not certified""}, ""solutions"": [{""q"": [0.5693204422439551, 0.3654713672929601, 0.5786063171214448, 0.6367219178956662, 0.7073279932364891], ""Y"": 2.5219210850455274, ""spending"": 4.676173967556696, ""optimizer_success"": true, ""residual"": 3.3476525995723705e-09, ""multiplier"": 0.3275657574106185, ""feasibility"": 0.0, ""complementarity"": 0.0, ""tangent_eigenvalues"": [-5.4985064776856705, -3.6153636588204647, -2.8348570630548853, -0.7059040597496834], ""tangent_warning"": ""Equality-tangent diagnostic; weakly active critical cone is not certified""}], ""validated_stationary_points"": [{""q"": [0.5693204422439551, 0.3654713672929601, 0.5786063171214448, 0.6367219178956662, 0.7073279932364891], ""Y"": 2.5219210850455274, ""spending"": 4.676173967556696, ""optimizer_success"": true, ""residual"": 3.3476525995723705e-09, ""multiplier"": 0.3275657574106185, ""feasibility"": 0.0, ""complementarity"": 0.0, ""tangent_eigenvalues"": [-5.4985064776856705, -3.6153636588204647, -2.8348570630548853, -0.7059040597496834], ""tangent_warning"": ""Equality-tangent diagnostic; weakly active critical cone is not certified""}], ""starts"": 8, ""failed_kkt_starts"": 0, ""eigenvalues"": [-1.0394178512900507, -0.8760841227573644, -0.2968788643971138, -0.03394121231719012, 0.24779831809489983], ""global_certified"": false, ""status"": ""best_found_not_global_certificate""}"
run-9978eab86369b5b5,0,2.5219210850455274,4.676173967556696,False,1,"{""best"": {""q"": [0.5693204422439551, 0.3654713672929601, 0.5786063171214448, 0.6367219178956662, 0.7073279932364891], ""Y"": 2.5219210850455274, ""spending"": 4.676173967556696, ""optimizer_success"": true, ""residual"": 3.3476525995723705e-09, ""multiplier"": 0.3275657574106185, ""feasibility"": 0.0, ""complementarity"": 0.0, ""tangent_eigenvalues"": [-5.4985064776856705, -3.6153636588204647, -2.8348570630548853, -0.7059040597496834], ""tangent_warning"": ""Equality-tangent diagnostic; weakly active critical cone is not certified""}, ""solutions"": [{""q"": [0.5693204422439551, 0.3654713672929601, 0.5786063171214448, 0.6367219178956662, 0.7073279932364891], ""Y"": 2.5219210850455274, ""spending"": 4.676173967556696, ""optimizer_success"": true, ""residual"": 3.3476525995723705e-09, ""multiplier"": 0.3275657574106185, ""feasibility"": 0.0, ""complementarity"": 0.0, ""tangent_eigenvalues"": [-5.4985064776856705, -3.6153636588204647, -2.8348570630548853, -0.7059040597496834], ""tangent_warning"": ""Equality-tangent diagnostic; weakly active critical cone is not certified""}], ""validated_stationary_points"": [{""q"": [0.5693204422439551, 0.3654713672929601, 0.5786063171214448, 0.6367219178956662, 0.7073279932364891], ""Y"": 2.5219210850455274, ""spending"": 4.676173967556696, ""optimizer_success"": true, ""residual"": 3.3476525995723705e-09, ""multiplier"": 0.3275657574106185, ""feasibility"": 0.0, ""complementarity"": 0.0, ""tangent_eigenvalues"": [-5.4985064776856705, -3.6153636588204647, -2.8348570630548853, -0.7059040597496834], ""tangent_warning"": ""Equality-tangent diagnostic; weakly active critical cone is not certified""}], ""starts"": 8, ""failed_kkt_starts"": 0, ""eigenvalues"": [-1.0394178512900507, -0.8760841227573644, -0.2968788643971138, -0.03394121231719012, 0.24779831809489983], ""global_certified"": false, ""status"": ""best_found_not_global_certificate""}"
run-781041436ff74454,0,2.5219210850455274,4.676173967556696,False,1,"{""best"": {""q"": [0.5693204422439551, 0.3654713672929601, 0.5786063171214448, 0.6367219178956662, 0.7073279932364891], ""Y"": 2.5219210850455274, ""spending"": 4.676173967556696, ""optimizer_success"": true, ""residual"": 3.3476525995723705e-09, ""multiplier"": 0.3275657574106185, ""feasibility"": 0.0, ""complementarity"": 0.0, ""tangent_eigenvalues"": [-5.4985064776856705, -3.6153636588204647, -2.8348570630548853, -0.7059040597496834], ""tangent_warning"": ""Equality-tangent diagnostic; weakly active critical cone is not certified""}, ""solutions"": [{""q"": [0.5693204422439551, 0.3654713672929601, 0.5786063171214448, 0.6367219178956662, 0.7073279932364891], ""Y"": 2.5219210850455274, ""spending"": 4.676173967556696, ""optimizer_success"": true, ""residual"": 3.3476525995723705e-09, ""multiplier"": 0.3275657574106185, ""feasibility"": 0.0, ""complementarity"": 0.0, ""tangent_eigenvalues"": [-5.4985064776856705, -3.6153636588204647, -2.8348570630548853, -0.7059040597496834], ""tangent_warning"": ""Equality-tangent diagnostic; weakly active critical cone is not certified""}], ""validated_stationary_points"": [{""q"": [0.5693204422439551, 0.3654713672929601, 0.5786063171214448, 0.6367219178956662, 0.7073279932364891], ""Y"": 2.5219210850455274, ""spending"": 4.676173967556696, ""optimizer_success"": true, ""residual"": 3.3476525995723705e-09, ""multiplier"": 0.3275657574106185, ""feasibility"": 0.0, ""complementarity"": 0.0, ""tangent_eigenvalues"": [-5.4985064776856705, -3.6153636588204647, -2.8348570630548853, -0.7059040597496834], ""tangent_warning"": ""Equality-tangent diagnostic; weakly active critical cone is not certified""}], ""starts"": 8, ""failed_kkt_starts"": 0, ""eigenvalues"": [-1.0394178512900507, -0.8760841227573644, -0.2968788643971138, -0.03394121231719012, 0.24779831809489983], ""global_certified"": false, ""status"": ""best_found_not_global_certificate""}"
run-387a4bca79b835cd,0,-2.478078914954473,4.676173967556696,False,1,"{""best"": {""q"": [0.5693204417348954, 0.3654713678803746, 0.5786063159254675, 0.6367219178992567, 0.7073279941409752], ""Y"": -2.478078914954473, ""spending"": 4.676173967556696, ""optimizer_success"": true, ""residual"": 2.434519252858536e-10, ""multiplier"": 0.32756575720201875, ""feasibility"": 0.0, ""complementarity"": 0.0, ""tangent_eigenvalues"": [-5.498506488402482, -3.6153636501773336, -2.8348570582212744, -0.7059040592759674], ""tangent_warning"": ""Equality-tangent diagnostic; weakly active critical cone is not certified""}, ""solutions"": [{""q"": [0.5693204417348954, 0.3654713678803746, 0.5786063159254675, 0.6367219178992567, 0.7073279941409752], ""Y"": -2.478078914954473, ""spending"": 4.676173967556696, ""optimizer_success"": true, ""residual"": 2.434519252858536e-10, ""multiplier"": 0.32756575720201875, ""feasibility"": 0.0, ""complementarity"": 0.0, ""tangent_eigenvalues"": [-5.498506488402482, -3.6153636501773336, -2.8348570582212744, -0.7059040592759674], ""tangent_warning"": ""Equality-tangent diagnostic; weakly active critical cone is not certified""}], ""validated_stationary_points"": [{""q"": [0.5693204417348954, 0.3654713678803746, 0.5786063159254675, 0.6367219178992567, 0.7073279941409752], ""Y"": -2.478078914954473, ""spending"": 4.676173967556696, ""optimizer_success"": true, ""residual"": 2.434519252858536e-10, ""multiplier"": 0.32756575720201875, ""feasibility"": 0.0, ""complementarity"": 0.0, ""tangent_eigenvalues"": [-5.498506488402482, -3.6153636501773336, -2.8348570582212744, -0.7059040592759674], ""tangent_warning"": ""Equality-tangent diagnostic; weakly active critical cone is not certified""}], ""starts"": 8, ""failed_kkt_starts"": 0, ""eigenvalues"": [-1.0394178512900507, -0.8760841227573644, -0.2968788643971138, -0.03394121231719012, 0.24779831809489983], ""global_certified"": false, ""status"": ""best_found_not_global_certificate""}"
run-8f2e951974fa0e6f,0,7.521921085045528,4.676173967556696,False,1,"{""best"": {""q"": [0.5693204417348954, 0.36547136788037476, 0.5786063159254675, 0.6367219178992566, 0.7073279941409752], ""Y"": 7.521921085045528, ""spending"": 4.676173967556696, ""optimizer_success"": true, ""residual"": 2.434519252858536e-10, ""multiplier"": 0.32756575720201886, ""feasibility"": 0.0, ""complementarity"": 0.0, ""tangent_eigenvalues"": [-5.498506488402486, -3.6153636501773363, -2.834857058221277, -0.7059040592759682], ""tangent_warning"": ""Equality-tangent diagnostic; weakly active critical cone is not certified""}, ""solutions"": [{""q"": [0.5693204417348954, 0.36547136788037476, 0.5786063159254675, 0.6367219178992566, 0.7073279941409752], ""Y"": 7.521921085045528, ""spending"": 4.676173967556696, ""optimizer_success"": true, ""residual"": 2.434519252858536e-10, ""multiplier"": 0.32756575720201886, ""feasibility"": 0.0, ""complementarity"": 0.0, ""tangent_eigenvalues"": [-5.498506488402486, -3.6153636501773363, -2.834857058221277, -0.7059040592759682], ""tangent_warning"": ""Equality-tangent diagnostic; weakly active critical cone is not certified""}], ""validated_stationary_points"": [{""q"": [0.5693204417348954, 0.36547136788037476, 0.5786063159254675, 0.6367219178992566, 0.7073279941409752], ""Y"": 7.521921085045528, ""spending"": 4.676173967556696, ""optimizer_success"": true, ""residual"": 2.434519252858536e-10, ""multiplier"": 0.32756575720201886, ""feasibility"": 0.0, ""complementarity"": 0.0, ""tangent_eigenvalues"": [-5.498506488402486, -3.6153636501773363, -2.834857058221277, -0.7059040592759682], ""tangent_warning"": ""Equality-tangent diagnostic; weakly active critical cone is not certified""}], ""starts"": 8, ""failed_kkt_starts"": 0, ""eigenvalues"": [-1.0394178512900507, -0.8760841227573644, -0.2968788643971138, -0.03394121231719012, 0.24779831809489983], ""global_certified"": false, ""status"": ""best_found_not_global_certificate""}"
run-10e56be1f021f1a1,0,2.5219210850455274,4.676173967556696,False,1,"{""best"": {""q"": [0.5693204422439551, 0.3654713672929601, 0.5786063171214448, 0.6367219178956662, 0.7073279932364891], ""Y"": 2.5219210850455274, ""spending"": 4.676173967556696, ""optimizer_success"": true, ""residual"": 3.3476525995723705e-09, ""multiplier"": 0.3275657574106185, ""feasibility"": 0.0, ""complementarity"": 0.0, ""tangent_eigenvalues"": [-5.4985064776856705, -3.6153636588204647, -2.8348570630548853, -0.7059040597496834], ""tangent_warning"": ""Equality-tangent diagnostic; weakly active critical cone is not certified""}, ""solutions"": [{""q"": [0.5693204422439551, 0.3654713672929601, 0.5786063171214448, 0.6367219178956662, 0.7073279932364891], ""Y"": 2.5219210850455274, ""spending"": 4.676173967556696, ""optimizer_success"": true, ""residual"": 3.3476525995723705e-09, ""multiplier"": 0.3275657574106185, ""feasibility"": 0.0, ""complementarity"": 0.0, ""tangent_eigenvalues"": [-5.4985064776856705, -3.6153636588204647, -2.8348570630548853, -0.7059040597496834], ""tangent_warning"": ""Equality-tangent diagnostic; weakly active critical cone is not certified""}], ""validated_stationary_points"": [{""q"": [0.5693204422439551, 0.3654713672929601, 0.5786063171214448, 0.6367219178956662, 0.7073279932364891], ""Y"": 2.5219210850455274, ""spending"": 4.676173967556696, ""optimizer_success"": true, ""residual"": 3.3476525995723705e-09, ""multiplier"": 0.3275657574106185, ""feasibility"": 0.0, ""complementarity"": 0.0, ""tangent_eigenvalues"": [-5.4985064776856705, -3.6153636588204647, -2.8348570630548853, -0.7059040597496834], ""tangent_warning"": ""Equality-tangent diagnostic; weakly active critical cone is not certified""}], ""starts"": 8, ""failed_kkt_starts"": 0, ""eigenvalues"": [-1.0394178512900507, -0.8760841227573644, -0.2968788643971138, -0.03394121231719012, 0.24779831809489983], ""global_certified"": false, ""status"": ""best_found_not_global_certificate""}"
run-c8a2c56deefa00f5,0,2.5219210850455274,4.676173967556696,False,1,"{""best"": {""q"": [0.5693204422439551, 0.3654713672929601, 0.5786063171214448, 0.6367219178956662, 0.7073279932364891], ""Y"": 2.5219210850455274, ""spending"": 4.676173967556696, ""optimizer_success"": true, ""residual"": 3.3476525995723705e-09, ""multiplier"": 0.3275657574106185, ""feasibility"": 0.0, ""complementarity"": 0.0, ""tangent_eigenvalues"": [-5.4985064776856705, -3.6153636588204647, -2.8348570630548853, -0.7059040597496834], ""tangent_warning"": ""Equality-tangent diagnostic; weakly active critical cone is not certified""}, ""solutions"": [{""q"": [0.5693204422439551, 0.3654713672929601, 0.5786063171214448, 0.6367219178956662, 0.7073279932364891], ""Y"": 2.5219210850455274, ""spending"": 4.676173967556696, ""optimizer_success"": true, ""residual"": 3.3476525995723705e-09, ""multiplier"": 0.3275657574106185, ""feasibility"": 0.0, ""complementarity"": 0.0, ""tangent_eigenvalues"": [-5.4985064776856705, -3.6153636588204647, -2.8348570630548853, -0.7059040597496834], ""tangent_warning"": ""Equality-tangent diagnostic; weakly active critical cone is not certified""}], ""validated_stationary_points"": [{""q"": [0.5693204422439551, 0.3654713672929601, 0.5786063171214448, 0.6367219178956662, 0.7073279932364891], ""Y"": 2.5219210850455274, ""spending"": 4.676173967556696, ""optimizer_success"": true, ""residual"": 3.3476525995723705e-09, ""multiplier"": 0.3275657574106185, ""feasibility"": 0.0, ""complementarity"": 0.0, ""tangent_eigenvalues"": [-5.4985064776856705, -3.6153636588204647, -2.8348570630548853, -0.7059040597496834], ""tangent_warning"": ""Equality-tangent diagnostic; weakly active critical cone is not certified""}], ""starts"": 8, ""failed_kkt_starts"": 0, ""eigenvalues"": [-1.0394178512900507, -0.8760841227573644, -0.2968788643971138, -0.03394121231719012, 0.24779831809489983], ""global_certified"": false, ""status"": ""best_found_not_global_certificate""}"
run-7aa24192279cd10c,0,1.552936346537086,2.338086983778348,False,1,"{""best"": {""q"": [0.2769336982230564, 0.35318235297651, 0.2848686665163566, 0.3778554360347538, 0.5018192216377316], ""Y"": 1.552936346537086, ""spending"": 2.338086983778348, ""optimizer_success"": true, ""residual"": 1.440340635650017e-08, ""multiplier"": 0.5112463390928146, ""feasibility"": 0.0, ""complementarity"": 0.0, ""tangent_eigenvalues"": [-3.853644213315078, -2.854250642917514, -1.8717966884804653, -0.6930052008248859], ""tangent_warning"": ""Equality-tangent diagnostic; weakly active critical cone is not certified""}, ""solutions"": [{""q"": [0.2769336982230564, 0.35318235297651, 0.2848686665163566, 0.3778554360347538, 0.5018192216377316], ""Y"": 1.552936346537086, ""spending"": 2.338086983778348, ""optimizer_success"": true, ""residual"": 1.440340635650017e-08, ""multiplier"": 0.5112463390928146, ""feasibility"": 0.0, ""complementarity"": 0.0, ""tangent_eigenvalues"": [-3.853644213315078, -2.854250642917514, -1.8717966884804653, -0.6930052008248859], ""tangent_warning"": ""Equality-tangent diagnostic; weakly active critical cone is not certified""}], ""validated_stationary_points"": [{""q"": [0.2769336982230564, 0.35318235297651, 0.2848686665163566, 0.3778554360347538, 0.5018192216377316], ""Y"": 1.552936346537086, ""spending"": 2.338086983778348, ""optimizer_success"": true, ""residual"": 1.440340635650017e-08, ""multiplier"": 0.5112463390928146, ""feasibility"": 0.0, ""complementarity"": 0.0, ""tangent_eigenvalues"": [-3.853644213315078, -2.854250642917514, -1.8717966884804653, -0.6930052008248859], ""tangent_warning"": ""Equality-tangent diagnostic; weakly active critical cone is not certified""}], ""starts"": 8, ""failed_kkt_starts"": 0, ""eigenvalues"": [-1.0394178512900507, -0.8760841227573644, -0.2968788643971138, -0.03394121231719012, 0.24779831809489983], ""global_certified"": false, ""status"": ""best_found_not_global_certificate""}"
run-f888534fca4347ee,0,3.8614422331286185,14.028521902670086,False,1,"{""best"": {""q"": [0.945646464771585, 0.5248644319043545, 0.9440052931165699, 0.954757936479156, 0.9663307414534142], ""Y"": 3.8614422331286185, ""spending"": 14.028521902670086, ""optimizer_success"": true, ""residual"": 2.1553980156241437e-08, ""multiplier"": 0.0436849896776532, ""feasibility"": 0.0, ""complementarity"": 0.0, ""tangent_eigenvalues"": [-36.681123686680365, -19.744179424567132, -15.638426897814316, -0.5352089032101511], ""tangent_warning"": ""Equality-tangent diagnostic; weakly active critical cone is not certified""}, ""solutions"": [{""q"": [0.945646464771585, 0.5248644319043545, 0.9440052931165699, 0.954757936479156, 0.9663307414534142], ""Y"": 3.8614422331286185, ""spending"": 14.028521902670086, ""optimizer_success"": true, ""residual"": 2.1553980156241437e-08, ""multiplier"": 0.0436849896776532, ""feasibility"": 0.0, ""complementarity"": 0.0, ""tangent_eigenvalues"": [-36.681123686680365, -19.744179424567132, -15.638426897814316, -0.5352089032101511], ""tangent_warning"": ""Equality-tangent diagnostic; weakly active critical cone is not certified""}], ""validated_stationary_points"": [{""q"": [0.945646464771585, 0.5248644319043545, 0.9440052931165699, 0.954757936479156, 0.9663307414534142], ""Y"": 3.8614422331286185, ""spending"": 14.028521902670086, ""optimizer_success"": true, ""residual"": 2.1553980156241437e-08, ""multiplier"": 0.0436849896776532, ""feasibility"": 0.0, ""complementarity"": 0.0, ""tangent_eigenvalues"": [-36.681123686680365, -19.744179424567132, -15.638426897814316, -0.5352089032101511], ""tangent_warning"": ""Equality-tangent diagnostic; weakly active critical cone is not certified""}], ""starts"": 8, ""failed_kkt_starts"": 0, ""eigenvalues"": [-1.0394178512900507, -0.8760841227573644, -0.2968788643971138, -0.03394121231719012, 0.24779831809489983], ""global_certified"": false, ""status"": ""best_found_not_global_certificate""}"
