family,svg,png,caption
E1,figures/E1.svg,figures/E1.png,All completed arms: world means and exploratory 95% bootstrap intervals. Single-world arms have no interval. Tail windows contain up to 20 observations. Compare configurations and feasibility before interpreting differences.
E10,figures/E10.svg,figures/E10.png,All completed arms: world means and exploratory 95% bootstrap intervals. Single-world arms have no interval. Tail windows contain up to 20 observations. Compare configurations and feasibility before interpreting differences.
E11,figures/E11.svg,figures/E11.png,All completed arms: world means and exploratory 95% bootstrap intervals. Single-world arms have no interval. Tail windows contain up to 20 observations. Compare configurations and feasibility before interpreting differences.
E12,figures/E12.svg,figures/E12.png,All completed arms: world means and exploratory 95% bootstrap intervals. Single-world arms have no interval. Tail windows contain up to 20 observations. Compare configurations and feasibility before interpreting differences.
E2,figures/E2.svg,figures/E2.png,All completed arms: world means and exploratory 95% bootstrap intervals. Single-world arms have no interval. Tail windows contain up to 20 observations. Compare configurations and feasibility before interpreting differences.
E3,figures/E3.svg,figures/E3.png,All completed arms: world means and exploratory 95% bootstrap intervals. Single-world arms have no interval. Tail windows contain up to 20 observations. Compare configurations and feasibility before interpreting differences.
E4,figures/E4.svg,figures/E4.png,All completed arms: world means and exploratory 95% bootstrap intervals. Single-world arms have no interval. Tail windows contain up to 20 observations. Compare configurations and feasibility before interpreting differences.
E5,figures/E5.svg,figures/E5.png,All completed arms: world means and exploratory 95% bootstrap intervals. Single-world arms have no interval. Tail windows contain up to 20 observations. Compare configurations and feasibility before interpreting differences.
E6,figures/E6.svg,figures/E6.png,All completed arms: world means and exploratory 95% bootstrap intervals. Single-world arms have no interval. Tail windows contain up to 20 observations. Compare configurations and feasibility before interpreting differences.
E7,figures/E7.svg,figures/E7.png,All completed arms: world means and exploratory 95% bootstrap intervals. Single-world arms have no interval. Tail windows contain up to 20 observations. Compare configurations and feasibility before interpreting differences.
E8,figures/E8.svg,figures/E8.png,All completed arms: world means and exploratory 95% bootstrap intervals. Single-world arms have no interval. Tail windows contain up to 20 observations. Compare configurations and feasibility before interpreting differences.
E9,figures/E9.svg,figures/E9.png,All completed arms: world means and exploratory 95% bootstrap intervals. Single-world arms have no interval. Tail windows contain up to 20 observations. Compare configurations and feasibility before interpreting differences.
R1,figures/R1.svg,figures/R1.png,All completed arms: world means and exploratory 95% bootstrap intervals. Single-world arms have no interval. Tail windows contain up to 20 observations. Compare configurations and feasibility before interpreting differences.
R2,figures/R2.svg,figures/R2.png,All completed arms: world means and exploratory 95% bootstrap intervals. Single-world arms have no interval. Tail windows contain up to 20 observations. Compare configurations and feasibility before interpreting differences.
R3,figures/R3.svg,figures/R3.png,All completed arms: world means and exploratory 95% bootstrap intervals. Single-world arms have no interval. Tail windows contain up to 20 observations. Compare configurations and feasibility before interpreting differences.
R4,figures/R4.svg,figures/R4.png,All completed arms: world means and exploratory 95% bootstrap intervals. Single-world arms have no interval. Tail windows contain up to 20 observations. Compare configurations and feasibility before interpreting differences.
R5,figures/R5.svg,figures/R5.png,All completed arms: world means and exploratory 95% bootstrap intervals. Single-world arms have no interval. Tail windows contain up to 20 observations. Compare configurations and feasibility before interpreting differences.
R6,figures/R6.svg,figures/R6.png,All completed arms: world means and exploratory 95% bootstrap intervals. Single-world arms have no interval. Tail windows contain up to 20 observations. Compare configurations and feasibility before interpreting differences.
