period,world_hash,price,mean_Y,reward,target_Y,target_spending,mean_spending,overload,exploration_effect,predicted_exploration_effect,exploration_formula_applicable,disruption_allowance,distance_to_best_found,nearest_stationary_index,distance_to_stationary,best_found_Y,global_certified,theoretical_spending,complementarity_residual,fast_status,bound_violations,outside_event
0,bccda88b0a4eef9d9374,0.4214255935721667,2.829701685053848,2.829701685053848,2.8297016850538497,4.676173967028342,4.676173967028336,0.0,-1.7763568394002505e-15,0.0,True,0.0,0.7425234337242683,0,0.7425234337242683,3.509630265201639,False,4.676173967028337,2.2266424890934157e-10,cleared,0,
1,bccda88b0a4eef9d9374,1000.0,2.823306409109316,2.7631850061225887,0.7785883375705631,0.991023543689229,4.736295370543423,0.06012140298672719,-0.006395275944534262,-0.006395275944533823,True,0.05659403370107696,0.518278135143746,0,0.518278135143746,3.509630265201639,False,4.736295370543424,60.12140298672808,price_cap_or_infeasible,0,
2,bccda88b0a4eef9d9374,0.0,0.7721930616260293,0.7721930616260293,3.9638316409257968,6.818598401213672,1.0031424243167544,0.0,-0.006395275944533818,-0.006395275944533823,True,0.05646612818218632,0.7668264090351804,0,0.7668264090351804,3.509630265201639,False,1.0031424243167546,0.0,slack,0,
3,bccda88b0a4eef9d9374,1000.0,3.9600602427511125,1.737348185802317,1.0037643476345814,1.2720361769332897,6.898886024505491,2.2227120569487955,-0.003771398174684748,-0.0037713981746839284,True,0.015443861232520586,0.48989163539332703,0,0.48989163539332703,3.509630265201639,False,6.898886024505491,2222.7120569487956,price_cap_or_infeasible,0,
4,bccda88b0a4eef9d9374,0.0,0.9973690716900476,0.9973690716900476,4.18616714283649,7.416343969864021,1.2855365131929173,0.0,-0.006395275944533596,-0.006395275944533823,True,0.07920120485502224,0.7690136768131625,0,0.7690136768131625,3.509630265201639,False,1.2855365131929175,0.0,slack,0,
5,bccda88b0a4eef9d9374,1000.0,4.18149504062155,1.3230086574920028,1.0495004974704987,1.3328482865431228,7.534660350686242,2.858486383129547,-0.004672102214941631,-0.004672102214940204,True,0.019947381433800954,0.46164990628093305,0,0.46164990628093305,3.509630265201639,False,7.534660350686243,2858.486383129548,price_cap_or_infeasible,0,
6,bccda88b0a4eef9d9374,0.0,1.043105221525965,1.043105221525965,4.206200598593712,7.477155897585041,1.3466709685862728,0.0,-0.006395275944534262,-0.006395275944533823,True,0.08362990081243099,0.7692105309131808,0,0.7692105309131808,3.509630265201639,False,1.3466709685862726,0.0,slack,0,
7,bccda88b0a4eef9d9374,1000.0,4.201345551779428,1.2748340505131193,1.0536188444084047,1.3383923720006334,7.6026854688230046,2.926511501266309,-0.004855046814285835,-0.004855046814283803,True,0.020862104430519304,0.45910815066081767,0,0.45910815066081767,3.509630265201639,False,7.602685468823004,2926.511501266308,price_cap_or_infeasible,0,
8,bccda88b0a4eef9d9374,0.0,1.0472235684638709,1.0472235684638709,4.208003798022603,7.482699966247309,1.3522452030920729,0.0,-0.00639527594453404,-0.006395275944533823,True,0.08402691103558857,0.7692282477821825,0,0.7692282477821825,3.509630265201639,False,1.352245203092073,0.0,slack,0,
9,bccda88b0a4eef9d9374,1000.0,4.2031322778205675,1.2704056397705026,1.053989512589783,1.3388919283633993,7.6089006056067605,2.932726638050065,-0.0048715202020357395,-0.004871520202035922,True,0.020944471369277417,0.4588793926550072,0,0.4588793926550072,3.509630265201639,False,7.60890060560676,2932.726638050064,price_cap_or_infeasible,0,
10,bccda88b0a4eef9d9374,0.0,1.047594236645249,1.047594236645249,4.208166087497331,7.483199521094936,1.352747482527546,0.0,-0.006395275944533818,-0.006395275944533823,True,0.08406264555641135,0.7692298423003926,0,0.7692298423003926,3.509630265201639,False,1.3527474825275463,0.0,slack,0,
11,bccda88b0a4eef9d9374,1000.0,4.20329308462257,1.2700063106965223,1.0540228728634584,1.3389368932144978,7.609460741482743,2.9332867739260475,-0.004873002874760779,-0.004873002874761237,True,0.020951884732904984,0.45885880443448424,0,0.45885880443448424,3.509630265201639,False,7.609460741482744,2933.286773926048,price_cap_or_infeasible,0,
12,bccda88b0a4eef9d9374,0.0,1.0476275969189246,1.0476275969189246,4.208180693562417,7.483244485809642,1.352792692533759,0.0,-0.006395275944534262,-0.006395275944533823,True,0.0840658616924514,0.7692299858070316,0,0.7692299858070316,3.509630265201639,False,1.3527926925337588,0.0,slack,0,
