family,arm,metric,mean,ci90_low,ci90_high,independent_worlds,runs
E1,k1_beta0.3_width0.02_budget1.0,initial_Y,1.727524002950685,,,1,1
E1,k1_beta0.3_width0.02_budget1.0,final_Y,1.8467385789865507,,,1,1
E1,k1_beta0.3_width0.02_budget1.0,final_reward,1.8467385789865507,,,1,1
E1,k1_beta0.3_width0.02_budget1.0,improvement,0.1192145760358656,,,1,1
E1,k1_beta0.3_width0.02_budget1.0,gap_to_best_found,0.17388457559830006,,,1,1
E1,k1_beta0.3_width0.02_budget1.0,settling_period,,,,0,1
E1,k1_beta0.3_width0.02_budget1.0,total_overload,0.01488618368430572,,,1,1
E1,k1_beta0.3_width0.02_budget1.0,skipped_turns,0.0,,,1,1
E1,k1_beta0.3_width0.02_budget1.0,jump_events,0.0,,,1,1
E1,k1_beta0.3_width0.02_budget1.0,bound_violations,0.0,,,1,1
E1,k1_beta0.3_width0.02_budget1.0,tail_target_range,0.30101960797644006,,,1,1
E1,k1_beta0.3_width0.02_budget1.0,target_path_length,1.1042403610213025,,,1,1
E1,k1_beta0.3_width0.02_budget1.0,within_one_percent_best,0.0,,,1,1
E1,k1_beta0.3_width0.02_budget1.0,mean_absolute_staleness,0.1925620444625826,,,1,1
E1,k1_beta0.3_width0.02_budget1.0,max_curvature_fit_error,1.836308882730009e-13,,,1,1
E1,k1_beta0.3_width0.02_budget1.0,max_slope_fit_error,2.1094237467877974e-13,,,1,1
E1,k1_beta0.3_width0.02_budget1.0,max_valid_identification_error,2.1094237467877974e-13,,,1,1
E1,k1_beta0.3_width0.02_budget1.0,max_exploration_formula_error,3.617765809149631e-15,,,1,1
E1,k5_beta1.0_width0.2_budget3.0,initial_Y,2.4307786875548123,,,1,1
E1,k5_beta1.0_width0.2_budget3.0,final_Y,2.4307786875548123,,,1,1
E1,k5_beta1.0_width0.2_budget3.0,final_reward,2.4307786875548123,,,1,1
E1,k5_beta1.0_width0.2_budget3.0,improvement,0.0,,,1,1
E1,k5_beta1.0_width0.2_budget3.0,gap_to_best_found,0.30549933222939707,,,1,1
E1,k5_beta1.0_width0.2_budget3.0,settling_period,,,,0,1
E1,k5_beta1.0_width0.2_budget3.0,total_overload,0.0,,,1,1
E1,k5_beta1.0_width0.2_budget3.0,skipped_turns,60.0,,,1,1
E1,k5_beta1.0_width0.2_budget3.0,jump_events,0.0,,,1,1
E1,k5_beta1.0_width0.2_budget3.0,bound_violations,0.0,,,1,1
E1,k5_beta1.0_width0.2_budget3.0,tail_target_range,0.0,,,1,1
E1,k5_beta1.0_width0.2_budget3.0,target_path_length,0.0,,,1,1
E1,k5_beta1.0_width0.2_budget3.0,within_one_percent_best,0.0,,,1,1
E1,k5_beta1.0_width0.2_budget3.0,mean_absolute_staleness,0.8025161939372475,,,1,1
E1,k5_beta1.0_width0.2_budget3.0,max_curvature_fit_error,,,,0,1
E1,k5_beta1.0_width0.2_budget3.0,max_slope_fit_error,,,,0,1
E1,k5_beta1.0_width0.2_budget3.0,max_valid_identification_error,,,,0,1
E1,k5_beta1.0_width0.2_budget3.0,max_exploration_formula_error,8.881784197001252e-16,,,1,1
E10,n12,initial_Y,5.322048836244105,,,1,1
E10,n12,final_Y,9.74053482667763,,,1,1
E10,n12,final_reward,9.74053482667763,,,1,1
E10,n12,improvement,4.418485990433525,,,1,1
E10,n12,gap_to_best_found,0.7931223258249691,,,1,1
E10,n12,settling_period,,,,0,1
E10,n12,total_overload,0.0,,,1,1
E10,n12,skipped_turns,0.0,,,1,1
E10,n12,jump_events,0.0,,,1,1
E10,n12,bound_violations,0.0,,,1,1
E10,n12,tail_target_range,0.5352248146529547,,,1,1
E10,n12,target_path_length,2.998416041363342,,,1,1
E10,n12,within_one_percent_best,0.0,,,1,1
E10,n12,mean_absolute_staleness,1.0524353389301775,,,1,1
E10,n12,max_curvature_fit_error,3.170796958329447e-13,,,1,1
E10,n12,max_slope_fit_error,3.5860203695392556e-13,,,1,1
E10,n12,max_valid_identification_error,3.5860203695392556e-13,,,1,1
E10,n12,max_exploration_formula_error,5.96453225351623e-14,,,1,1
E10,n3,initial_Y,0.3080445610657275,,,1,1
E10,n3,final_Y,0.4443454795953315,,,1,1
E10,n3,final_reward,0.4443454795953315,,,1,1
E10,n3,improvement,0.13630091852960402,,,1,1
E10,n3,gap_to_best_found,0.16511934115079602,,,1,1
E10,n3,settling_period,,,,0,1
E10,n3,total_overload,0.29734756473372537,,,1,1
E10,n3,skipped_turns,0.0,,,1,1
E10,n3,jump_events,0.0,,,1,1
E10,n3,bound_violations,0.0,,,1,1
E10,n3,tail_target_range,0.6334090418503586,,,1,1
E10,n3,target_path_length,2.961807369309825,,,1,1
E10,n3,within_one_percent_best,0.0,,,1,1
E10,n3,mean_absolute_staleness,0.2857749512255968,,,1,1
E10,n3,max_curvature_fit_error,4.8960835385969403e-14,,,1,1
E10,n3,max_slope_fit_error,6.38378239159465e-14,,,1,1
E10,n3,max_valid_identification_error,6.38378239159465e-14,,,1,1
E10,n3,max_exploration_formula_error,7.216449660063518e-16,,,1,1
E11,budget0.5,initial_Y,1.3197093801331348,,,1,1
E11,budget0.5,final_Y,1.3404727340643519,,,1,1
E11,budget0.5,final_reward,1.1492044281833091,,,1,1
E11,budget0.5,improvement,0.020763353931217088,,,1,1
E11,budget0.5,gap_to_best_found,0.21246361247273415,,,1,1
E11,budget0.5,settling_period,,,,0,1
E11,budget0.5,total_overload,0.605480863706338,,,1,1
E11,budget0.5,skipped_turns,0.0,,,1,1
E11,budget0.5,jump_events,0.0,,,1,1
E11,budget0.5,bound_violations,0.0,,,1,1
E11,budget0.5,tail_target_range,0.5149368305883542,,,1,1
E11,budget0.5,target_path_length,1.9675235630038783,,,1,1
E11,budget0.5,within_one_percent_best,0.0,,,1,1
E11,budget0.5,mean_absolute_staleness,0.1646510251615424,,,1,1
E11,budget0.5,max_curvature_fit_error,1.9156898289907076e-13,,,1,1
E11,budget0.5,max_slope_fit_error,1.6542323066914832e-13,,,1,1
E11,budget0.5,max_valid_identification_error,1.9156898289907076e-13,,,1,1
E11,budget0.5,max_exploration_formula_error,2.7289368681460147e-15,,,1,1
E11,budget3.0,initial_Y,3.7389864572687164,,,1,1
E11,budget3.0,final_Y,3.859580265892087,,,1,1
E11,budget3.0,final_reward,3.859580265892087,,,1,1
E11,budget3.0,improvement,0.12059380862337044,,,1,1
E11,budget3.0,gap_to_best_found,0.0018619672365316475,,,1,1
E11,budget3.0,settling_period,,,,0,1
E11,budget3.0,total_overload,0.0,,,1,1
E11,budget3.0,skipped_turns,0.0,,,1,1
E11,budget3.0,jump_events,0.0,,,1,1
E11,budget3.0,bound_violations,0.0,,,1,1
E11,budget3.0,tail_target_range,0.44123289653339404,,,1,1
E11,budget3.0,target_path_length,0.5624830238100322,,,1,1
E11,budget3.0,within_one_percent_best,1.0,,,1,1
E11,budget3.0,mean_absolute_staleness,0.289842181901283,,,1,1
E11,budget3.0,max_curvature_fit_error,3.4811042937121783e-13,,,1,1
E11,budget3.0,max_slope_fit_error,6.403766406037903e-13,,,1,1
E11,budget3.0,max_valid_identification_error,6.403766406037903e-13,,,1,1
E11,budget3.0,max_exploration_formula_error,7.099789506304077e-15,,,1,1
E12,interference_right,initial_Y,0.3372666848007042,,,1,1
E12,interference_right,final_Y,0.586819474630596,,,1,1
E12,interference_right,final_reward,0.42424906274707463,,,1,1
E12,interference_right,improvement,0.24955278982989182,,,1,1
E12,interference_right,gap_to_best_found,0.06934501560671691,,,1,1
E12,interference_right,settling_period,,,,0,1
E12,interference_right,total_overload,1.9716819018610812,,,1,1
E12,interference_right,skipped_turns,0.0,,,1,1
E12,interference_right,jump_events,0.0,,,1,1
E12,interference_right,bound_violations,0.0,,,1,1
E12,interference_right,tail_target_range,0.9099990899999999,,,1,1
E12,interference_right,target_path_length,3.5864708528845357,,,1,1
E12,interference_right,within_one_percent_best,0.0,,,1,1
E12,interference_right,mean_absolute_staleness,0.4292807968980756,,,1,1
E12,interference_right,max_curvature_fit_error,9.123257704857224e-14,,,1,1
E12,interference_right,max_slope_fit_error,8.260059303211165e-14,,,1,1
E12,interference_right,max_valid_identification_error,9.123257704857224e-14,,,1,1
E12,interference_right,max_exploration_formula_error,9.730714498057402e-16,,,1,1
E12,linear,initial_Y,0.9481808381578958,,,1,1
E12,linear,final_Y,0.370198195937141,,,1,1
E12,linear,final_reward,0.370198195937141,,,1,1
E12,linear,improvement,-0.5779826422207548,,,1,1
E12,linear,gap_to_best_found,0.60954170903997,,,1,1
E12,linear,settling_period,,,,0,1
E12,linear,total_overload,3.0050109424078193,,,1,1
E12,linear,skipped_turns,0.0,,,1,1
E12,linear,jump_events,0.0,,,1,1
E12,linear,bound_violations,0.0,,,1,1
E12,linear,tail_target_range,0.6673840258222854,,,1,1
E12,linear,target_path_length,4.671318101658718,,,1,1
E12,linear,within_one_percent_best,0.0,,,1,1
E12,linear,mean_absolute_staleness,0.057692307692400226,,,1,1
E12,linear,max_curvature_fit_error,2.537033083616076e-13,,,1,1
E12,linear,max_slope_fit_error,4.671818487622659e-13,,,1,1
E12,linear,max_valid_identification_error,4.671818487622659e-13,,,1,1
E12,linear,max_exploration_formula_error,2.7755575615628914e-15,,,1,1
E2,frustrated_prior0.5_alpha0.0,initial_Y,2.3548535031271625,,,1,1
E2,frustrated_prior0.5_alpha0.0,final_Y,2.1069821990809516,,,1,1
E2,frustrated_prior0.5_alpha0.0,final_reward,2.1069821990809516,,,1,1
E2,frustrated_prior0.5_alpha0.0,improvement,-0.24787130404621083,,,1,1
E2,frustrated_prior0.5_alpha0.0,gap_to_best_found,0.41493888596457573,,,1,1
E2,frustrated_prior0.5_alpha0.0,settling_period,,,,0,1
E2,frustrated_prior0.5_alpha0.0,total_overload,0.051388802859605676,,,1,1
E2,frustrated_prior0.5_alpha0.0,skipped_turns,0.0,,,1,1
E2,frustrated_prior0.5_alpha0.0,jump_events,0.0,,,1,1
E2,frustrated_prior0.5_alpha0.0,bound_violations,0.0,,,1,1
E2,frustrated_prior0.5_alpha0.0,tail_target_range,0.5333079293351033,,,1,1
E2,frustrated_prior0.5_alpha0.0,target_path_length,2.569301807703773,,,1,1
E2,frustrated_prior0.5_alpha0.0,within_one_percent_best,0.0,,,1,1
E2,frustrated_prior0.5_alpha0.0,mean_absolute_staleness,0.36009443734071833,,,1,1
E2,frustrated_prior0.5_alpha0.0,max_curvature_fit_error,1.7841284005726266e-13,,,1,1
E2,frustrated_prior0.5_alpha0.0,max_slope_fit_error,2.398081733190338e-13,,,1,1
E2,frustrated_prior0.5_alpha0.0,max_valid_identification_error,2.398081733190338e-13,,,1,1
E2,frustrated_prior0.5_alpha0.0,max_exploration_formula_error,4.283249102621234e-15,,,1,1
E2,interference_prior2.0_alpha0.6,initial_Y,-0.0022490720745214077,,,1,1
E2,interference_prior2.0_alpha0.6,final_Y,-0.0022490720745214077,,,1,1
E2,interference_prior2.0_alpha0.6,final_reward,-0.0022490720745214077,,,1,1
E2,interference_prior2.0_alpha0.6,improvement,0.0,,,1,1
E2,interference_prior2.0_alpha0.6,gap_to_best_found,0.8795363338806668,,,1,1
E2,interference_prior2.0_alpha0.6,settling_period,,,,0,1
E2,interference_prior2.0_alpha0.6,total_overload,0.0,,,1,1
E2,interference_prior2.0_alpha0.6,skipped_turns,12.0,,,1,1
E2,interference_prior2.0_alpha0.6,jump_events,0.0,,,1,1
E2,interference_prior2.0_alpha0.6,bound_violations,0.0,,,1,1
E2,interference_prior2.0_alpha0.6,tail_target_range,0.0,,,1,1
E2,interference_prior2.0_alpha0.6,target_path_length,0.0,,,1,1
E2,interference_prior2.0_alpha0.6,within_one_percent_best,0.0,,,1,1
E2,interference_prior2.0_alpha0.6,mean_absolute_staleness,2.3385762375268255,,,1,1
E2,interference_prior2.0_alpha0.6,max_curvature_fit_error,,,,0,1
E2,interference_prior2.0_alpha0.6,max_slope_fit_error,,,,0,1
E2,interference_prior2.0_alpha0.6,max_valid_identification_error,,,,0,1
E2,interference_prior2.0_alpha0.6,max_exploration_formula_error,1.7763568394002505e-15,,,1,1
E3,k1_nonresonant,initial_Y,2.2927582728477915,,,1,1
E3,k1_nonresonant,final_Y,2.518207579191303,,,1,1
E3,k1_nonresonant,final_reward,2.518207579191303,,,1,1
E3,k1_nonresonant,improvement,0.22544930634351124,,,1,1
E3,k1_nonresonant,gap_to_best_found,0.003713505854224586,,,1,1
E3,k1_nonresonant,settling_period,,,,0,1
E3,k1_nonresonant,total_overload,0.0,,,1,1
E3,k1_nonresonant,skipped_turns,0.0,,,1,1
E3,k1_nonresonant,jump_events,0.0,,,1,1
E3,k1_nonresonant,bound_violations,0.0,,,1,1
E3,k1_nonresonant,tail_target_range,0.416629745291292,,,1,1
E3,k1_nonresonant,target_path_length,1.0670097782762982,,,1,1
E3,k1_nonresonant,within_one_percent_best,1.0,,,1,1
E3,k1_nonresonant,mean_absolute_staleness,0.18894296967375748,,,1,1
E3,k1_nonresonant,max_curvature_fit_error,3.019251515468113e-13,,,1,1
E3,k1_nonresonant,max_slope_fit_error,3.319566843629218e-13,,,1,1
E3,k1_nonresonant,max_valid_identification_error,3.319566843629218e-13,,,1,1
E3,k1_nonresonant,max_exploration_formula_error,6.459459703234138e-15,,,1,1
E3,k5_resonant,initial_Y,2.2927582728477915,,,1,1
E3,k5_resonant,final_Y,1.6779572467257842,,,1,1
E3,k5_resonant,final_reward,1.6779572467257842,,,1,1
E3,k5_resonant,improvement,-0.6148010261220074,,,1,1
E3,k5_resonant,gap_to_best_found,0.8439638383197432,,,1,1
E3,k5_resonant,settling_period,,,,0,1
E3,k5_resonant,total_overload,9.19384255918197,,,1,1
E3,k5_resonant,skipped_turns,18.0,,,1,1
E3,k5_resonant,jump_events,0.0,,,1,1
E3,k5_resonant,bound_violations,0.0,,,1,1
E3,k5_resonant,tail_target_range,0.6367036439639582,,,1,1
E3,k5_resonant,target_path_length,10.810047911870486,,,1,1
E3,k5_resonant,within_one_percent_best,0.0,,,1,1
E3,k5_resonant,mean_absolute_staleness,0.3229775698698343,,,1,1
E3,k5_resonant,max_curvature_fit_error,0.5910545986877155,,,1,1
E3,k5_resonant,max_slope_fit_error,0.8777437802722485,,,1,1
E3,k5_resonant,max_valid_identification_error,,,,0,1
E3,k5_resonant,max_exploration_formula_error,2.5175174445113413e-15,,,1,1
E4,tolerance0.005_amplitude0.03,initial_Y,2.2927582728477915,,,1,1
E4,tolerance0.005_amplitude0.03,final_Y,2.2927582728477915,,,1,1
E4,tolerance0.005_amplitude0.03,final_reward,2.2927582728477915,,,1,1
E4,tolerance0.005_amplitude0.03,improvement,0.0,,,1,1
E4,tolerance0.005_amplitude0.03,gap_to_best_found,0.22916281219773582,,,1,1
E4,tolerance0.005_amplitude0.03,settling_period,,,,0,1
E4,tolerance0.005_amplitude0.03,total_overload,0.0,,,1,1
E4,tolerance0.005_amplitude0.03,skipped_turns,12.0,,,1,1
E4,tolerance0.005_amplitude0.03,jump_events,0.0,,,1,1
E4,tolerance0.005_amplitude0.03,bound_violations,0.0,,,1,1
E4,tolerance0.005_amplitude0.03,tail_target_range,0.0,,,1,1
E4,tolerance0.005_amplitude0.03,target_path_length,0.0,,,1,1
E4,tolerance0.005_amplitude0.03,within_one_percent_best,0.0,,,1,1
E4,tolerance0.005_amplitude0.03,mean_absolute_staleness,0.44686982453259494,,,1,1
E4,tolerance0.005_amplitude0.03,max_curvature_fit_error,,,,0,1
E4,tolerance0.005_amplitude0.03,max_slope_fit_error,,,,0,1
E4,tolerance0.005_amplitude0.03,max_valid_identification_error,,,,0,1
E4,tolerance0.005_amplitude0.03,max_exploration_formula_error,1.7763568394002505e-15,,,1,1
E4,tolerance0.05_amplitude0.15,initial_Y,2.2927582728477915,,,1,1
E4,tolerance0.05_amplitude0.15,final_Y,2.51444024748883,,,1,1
E4,tolerance0.05_amplitude0.15,final_reward,2.51444024748883,,,1,1
E4,tolerance0.05_amplitude0.15,improvement,0.22168197464103834,,,1,1
E4,tolerance0.05_amplitude0.15,gap_to_best_found,0.007480837556697484,,,1,1
E4,tolerance0.05_amplitude0.15,settling_period,,,,0,1
E4,tolerance0.05_amplitude0.15,total_overload,0.0,,,1,1
E4,tolerance0.05_amplitude0.15,skipped_turns,0.0,,,1,1
E4,tolerance0.05_amplitude0.15,jump_events,0.0,,,1,1
E4,tolerance0.05_amplitude0.15,bound_violations,0.0,,,1,1
E4,tolerance0.05_amplitude0.15,tail_target_range,0.4162341775580849,,,1,1
E4,tolerance0.05_amplitude0.15,target_path_length,1.0776245615345985,,,1,1
E4,tolerance0.05_amplitude0.15,within_one_percent_best,1.0,,,1,1
E4,tolerance0.05_amplitude0.15,mean_absolute_staleness,0.18856234888899948,,,1,1
E4,tolerance0.05_amplitude0.15,max_curvature_fit_error,6.566969190657801e-14,,,1,1
E4,tolerance0.05_amplitude0.15,max_slope_fit_error,8.060219158778636e-14,,,1,1
E4,tolerance0.05_amplitude0.15,max_valid_identification_error,8.060219158778636e-14,,,1,1
E4,tolerance0.05_amplitude0.15,max_exploration_formula_error,5.294376048681215e-15,,,1,1
E5,alpha0.0_width0.02_reviewedFalse,initial_Y,2.3548535031271625,,,1,1
E5,alpha0.0_width0.02_reviewedFalse,final_Y,2.3548535031271625,,,1,1
E5,alpha0.0_width0.02_reviewedFalse,final_reward,2.3548535031271625,,,1,1
E5,alpha0.0_width0.02_reviewedFalse,improvement,0.0,,,1,1
E5,alpha0.0_width0.02_reviewedFalse,gap_to_best_found,0.1670675819183649,,,1,1
E5,alpha0.0_width0.02_reviewedFalse,settling_period,,,,0,1
E5,alpha0.0_width0.02_reviewedFalse,total_overload,0.0,,,1,1
E5,alpha0.0_width0.02_reviewedFalse,skipped_turns,0.0,,,1,1
E5,alpha0.0_width0.02_reviewedFalse,jump_events,0.0,,,1,1
E5,alpha0.0_width0.02_reviewedFalse,bound_violations,0.0,,,1,1
E5,alpha0.0_width0.02_reviewedFalse,tail_target_range,0.0,,,1,1
E5,alpha0.0_width0.02_reviewedFalse,target_path_length,0.0,,,1,1
E5,alpha0.0_width0.02_reviewedFalse,within_one_percent_best,0.0,,,1,1
E5,alpha0.0_width0.02_reviewedFalse,mean_absolute_staleness,0.44717906701945953,,,1,1
E5,alpha0.0_width0.02_reviewedFalse,max_curvature_fit_error,,,,0,1
E5,alpha0.0_width0.02_reviewedFalse,max_slope_fit_error,,,,0,1
E5,alpha0.0_width0.02_reviewedFalse,max_valid_identification_error,,,,0,1
E5,alpha0.0_width0.02_reviewedFalse,max_exploration_formula_error,1.7763568394002505e-15,,,1,1
E5,alpha0.6_width0.3_reviewedTrue,initial_Y,2.2336964935476753,,,1,1
E5,alpha0.6_width0.3_reviewedTrue,final_Y,2.2336964935476753,,,1,1
E5,alpha0.6_width0.3_reviewedTrue,final_reward,2.2336964935476753,,,1,1
E5,alpha0.6_width0.3_reviewedTrue,improvement,0.0,,,1,1
E5,alpha0.6_width0.3_reviewedTrue,gap_to_best_found,0.28822459149785207,,,1,1
E5,alpha0.6_width0.3_reviewedTrue,settling_period,,,,0,1
E5,alpha0.6_width0.3_reviewedTrue,total_overload,0.0,,,1,1
E5,alpha0.6_width0.3_reviewedTrue,skipped_turns,12.0,,,1,1
E5,alpha0.6_width0.3_reviewedTrue,jump_events,0.0,,,1,1
E5,alpha0.6_width0.3_reviewedTrue,bound_violations,0.0,,,1,1
E5,alpha0.6_width0.3_reviewedTrue,tail_target_range,0.0,,,1,1
E5,alpha0.6_width0.3_reviewedTrue,target_path_length,0.0,,,1,1
E5,alpha0.6_width0.3_reviewedTrue,within_one_percent_best,0.0,,,1,1
E5,alpha0.6_width0.3_reviewedTrue,mean_absolute_staleness,0.4441623643571731,,,1,1
E5,alpha0.6_width0.3_reviewedTrue,max_curvature_fit_error,,,,0,1
E5,alpha0.6_width0.3_reviewedTrue,max_slope_fit_error,,,,0,1
E5,alpha0.6_width0.3_reviewedTrue,max_valid_identification_error,,,,0,1
E5,alpha0.6_width0.3_reviewedTrue,max_exploration_formula_error,1.3322676295501878e-15,,,1,1
E6,interaction0.1_k1_memory0.5,initial_Y,1.8900507136932492,,,1,1
E6,interaction0.1_k1_memory0.5,final_Y,1.7991219618523742,,,1,1
E6,interaction0.1_k1_memory0.5,final_reward,1.7991219618523742,,,1,1
E6,interaction0.1_k1_memory0.5,improvement,-0.09092875184087501,,,1,1
E6,interaction0.1_k1_memory0.5,gap_to_best_found,0.195472941320471,,,1,1
E6,interaction0.1_k1_memory0.5,settling_period,,,,0,1
E6,interaction0.1_k1_memory0.5,total_overload,0.2335003732067431,,,1,1
E6,interaction0.1_k1_memory0.5,skipped_turns,0.0,,,1,1
E6,interaction0.1_k1_memory0.5,jump_events,0.0,,,1,1
E6,interaction0.1_k1_memory0.5,bound_violations,0.0,,,1,1
E6,interaction0.1_k1_memory0.5,tail_target_range,0.6103496855627353,,,1,1
E6,interaction0.1_k1_memory0.5,target_path_length,2.615160332120103,,,1,1
E6,interaction0.1_k1_memory0.5,within_one_percent_best,0.0,,,1,1
E6,interaction0.1_k1_memory0.5,mean_absolute_staleness,0.12142404233534512,,,1,1
E6,interaction0.1_k1_memory0.5,max_curvature_fit_error,1.7114087924596788e-13,,,1,1
E6,interaction0.1_k1_memory0.5,max_slope_fit_error,2.2160051571518125e-13,,,1,1
E6,interaction0.1_k1_memory0.5,max_valid_identification_error,2.2160051571518125e-13,,,1,1
E6,interaction0.1_k1_memory0.5,max_exploration_formula_error,3.408731630294426e-15,,,1,1
E6,interaction0.8_k5_memory1.0,initial_Y,2.829701685053848,,,1,1
E6,interaction0.8_k5_memory1.0,final_Y,1.0476275969189246,,,1,1
E6,interaction0.8_k5_memory1.0,final_reward,1.0476275969189246,,,1,1
E6,interaction0.8_k5_memory1.0,improvement,-1.7820740881349233,,,1,1
E6,interaction0.8_k5_memory1.0,gap_to_best_found,2.4620026682827145,,,1,1
E6,interaction0.8_k5_memory1.0,settling_period,,,,0,1
E6,interaction0.8_k5_memory1.0,total_overload,13.93384475630749,,,1,1
E6,interaction0.8_k5_memory1.0,skipped_turns,0.0,,,1,1
E6,interaction0.8_k5_memory1.0,jump_events,0.0,,,1,1
E6,interaction0.8_k5_memory1.0,bound_violations,0.0,,,1,1
E6,interaction0.8_k5_memory1.0,tail_target_range,0.6367036439639582,,,1,1
E6,interaction0.8_k5_memory1.0,target_path_length,14.207875835457418,,,1,1
E6,interaction0.8_k5_memory1.0,within_one_percent_best,0.0,,,1,1
E6,interaction0.8_k5_memory1.0,mean_absolute_staleness,0.9975379131538243,,,1,1
E6,interaction0.8_k5_memory1.0,max_curvature_fit_error,6.262212970398195e-13,,,1,1
E6,interaction0.8_k5_memory1.0,max_slope_fit_error,9.57900425646585e-13,,,1,1
E6,interaction0.8_k5_memory1.0,max_valid_identification_error,9.57900425646585e-13,,,1,1
E6,interaction0.8_k5_memory1.0,max_exploration_formula_error,2.0322285521068295e-15,,,1,1
E7,adaptive_exact,initial_Y,2.2927582728477915,,,1,1
E7,adaptive_exact,final_Y,2.5332687982315147,,,1,1
E7,adaptive_exact,final_reward,2.3817740098369424,,,1,1
E7,adaptive_exact,improvement,0.2405105253837232,,,1,1
E7,adaptive_exact,gap_to_best_found,-0.011347713185987374,,,1,1
E7,adaptive_exact,settling_period,,,,0,1
E7,adaptive_exact,total_overload,0.17558477673836315,,,1,1
E7,adaptive_exact,skipped_turns,0.0,,,1,1
E7,adaptive_exact,jump_events,0.0,,,1,1
E7,adaptive_exact,bound_violations,0.0,,,1,1
E7,adaptive_exact,tail_target_range,0.41955619772574626,,,1,1
E7,adaptive_exact,target_path_length,1.7690186822047909,,,1,1
E7,adaptive_exact,within_one_percent_best,1.0,,,1,1
E7,adaptive_exact,mean_absolute_staleness,1.8251694757577306,,,1,1
E7,adaptive_exact,max_curvature_fit_error,4.08139266960827,,,1,1
E7,adaptive_exact,max_slope_fit_error,4.877893668812868,,,1,1
E7,adaptive_exact,max_valid_identification_error,,,,0,1
E7,adaptive_exact,max_exploration_formula_error,1.7763568394002505e-15,,,1,1
E7,fixed,initial_Y,2.2927582728477915,,,1,1
E7,fixed,final_Y,2.518207579191303,,,1,1
E7,fixed,final_reward,2.518207579191303,,,1,1
E7,fixed,improvement,0.22544930634351124,,,1,1
E7,fixed,gap_to_best_found,0.003713505854224586,,,1,1
E7,fixed,settling_period,,,,0,1
E7,fixed,total_overload,0.0,,,1,1
E7,fixed,skipped_turns,0.0,,,1,1
E7,fixed,jump_events,0.0,,,1,1
E7,fixed,bound_violations,0.0,,,1,1
E7,fixed,tail_target_range,0.416629745291292,,,1,1
E7,fixed,target_path_length,1.0670097782762982,,,1,1
E7,fixed,within_one_percent_best,1.0,,,1,1
E7,fixed,mean_absolute_staleness,0.18894296967375748,,,1,1
E7,fixed,max_curvature_fit_error,3.019251515468113e-13,,,1,1
E7,fixed,max_slope_fit_error,3.319566843629218e-13,,,1,1
E7,fixed,max_valid_identification_error,3.319566843629218e-13,,,1,1
E7,fixed,max_exploration_formula_error,6.459459703234138e-15,,,1,1
E8,concave,initial_Y,1.727524002950685,,,1,1
E8,concave,final_Y,1.9158985646668842,,,1,1
E8,concave,final_reward,1.9158985646668842,,,1,1
E8,concave,improvement,0.18837456171619915,,,1,1
E8,concave,gap_to_best_found,0.10472458991796652,,,1,1
E8,concave,settling_period,,,,0,1
E8,concave,total_overload,0.0,,,1,1
E8,concave,skipped_turns,0.0,,,1,1
E8,concave,jump_events,0.0,,,1,1
E8,concave,bound_violations,0.0,,,1,1
E8,concave,tail_target_range,0.452469617035352,,,1,1
E8,concave,target_path_length,2.182519275747528,,,1,1
E8,concave,within_one_percent_best,0.0,,,1,1
E8,concave,mean_absolute_staleness,0.21465338829511837,,,1,1
E8,concave,max_curvature_fit_error,1.815214645262131e-13,,,1,1
E8,concave,max_slope_fit_error,2.071676163950542e-13,,,1,1
E8,concave,max_valid_identification_error,2.071676163950542e-13,,,1,1
E8,concave,max_exploration_formula_error,4.238363132680334e-15,,,1,1
E8,frustrated,initial_Y,2.2927582728477915,,,1,1
E8,frustrated,final_Y,2.518207579191303,,,1,1
E8,frustrated,final_reward,2.518207579191303,,,1,1
E8,frustrated,improvement,0.22544930634351124,,,1,1
E8,frustrated,gap_to_best_found,0.003713505854224586,,,1,1
E8,frustrated,settling_period,,,,0,1
E8,frustrated,total_overload,0.0,,,1,1
E8,frustrated,skipped_turns,0.0,,,1,1
E8,frustrated,jump_events,0.0,,,1,1
E8,frustrated,bound_violations,0.0,,,1,1
E8,frustrated,tail_target_range,0.416629745291292,,,1,1
E8,frustrated,target_path_length,1.0670097782762982,,,1,1
E8,frustrated,within_one_percent_best,1.0,,,1,1
E8,frustrated,mean_absolute_staleness,0.18894296967375748,,,1,1
E8,frustrated,max_curvature_fit_error,3.019251515468113e-13,,,1,1
E8,frustrated,max_slope_fit_error,3.319566843629218e-13,,,1,1
E8,frustrated,max_valid_identification_error,3.319566843629218e-13,,,1,1
E8,frustrated,max_exploration_formula_error,6.459459703234138e-15,,,1,1
E9,invisible_with_relocation,initial_Y,2.2927582728477915,,,1,1
E9,invisible_with_relocation,final_Y,2.516913360011048,,,1,1
E9,invisible_with_relocation,final_reward,2.516913360011048,,,1,1
E9,invisible_with_relocation,improvement,0.22415508716325627,,,1,1
E9,invisible_with_relocation,gap_to_best_found,0.004896293254045059,,,1,1
E9,invisible_with_relocation,settling_period,,,,0,1
E9,invisible_with_relocation,total_overload,0.0,,,1,1
E9,invisible_with_relocation,skipped_turns,0.0,,,1,1
E9,invisible_with_relocation,jump_events,0.0,,,1,1
E9,invisible_with_relocation,bound_violations,0.0,,,1,1
E9,invisible_with_relocation,tail_target_range,0.4030863375641167,,,1,1
E9,invisible_with_relocation,target_path_length,1.0531537926211296,,,1,1
E9,invisible_with_relocation,within_one_percent_best,1.0,,,1,1
E9,invisible_with_relocation,mean_absolute_staleness,0.1895146449212844,,,1,1
E9,invisible_with_relocation,max_curvature_fit_error,2.910449659054848e-13,,,1,1
E9,invisible_with_relocation,max_slope_fit_error,3.319566843629218e-13,,,1,1
E9,invisible_with_relocation,max_valid_identification_error,3.319566843629218e-13,,,1,1
E9,invisible_with_relocation,max_exploration_formula_error,7.183489914019958e-15,,,1,1
E9,random_k1,initial_Y,2.2927582728477915,,,1,1
E9,random_k1,final_Y,1.65594765124324,,,1,1
E9,random_k1,final_reward,1.65594765124324,,,1,1
E9,random_k1,improvement,-0.6368106216045515,,,1,1
E9,random_k1,gap_to_best_found,0.770883068136587,,,1,1
E9,random_k1,settling_period,,,,0,1
E9,random_k1,total_overload,0.3286116283809495,,,1,1
E9,random_k1,skipped_turns,0.0,,,1,1
E9,random_k1,jump_events,0.0,,,1,1
E9,random_k1,bound_violations,0.0,,,1,1
E9,random_k1,tail_target_range,0.5457219218050093,,,1,1
E9,random_k1,target_path_length,2.7170790284135595,,,1,1
E9,random_k1,within_one_percent_best,0.0,,,1,1
E9,random_k1,mean_absolute_staleness,0.3357333295820386,,,1,1
E9,random_k1,max_curvature_fit_error,2.910449659054848e-13,,,1,1
E9,random_k1,max_slope_fit_error,3.319566843629218e-13,,,1,1
E9,random_k1,max_valid_identification_error,3.319566843629218e-13,,,1,1
E9,random_k1,max_exploration_formula_error,4.239013653983825e-15,,,1,1
R1,all_k5,initial_Y,2.2927582728477915,,,1,1
R1,all_k5,final_Y,0.9268399754500022,,,1,1
R1,all_k5,final_reward,0.9268399754500022,,,1,1
R1,all_k5,improvement,-1.3659182973977892,,,1,1
R1,all_k5,gap_to_best_found,1.595081109595525,,,1,1
R1,all_k5,settling_period,,,,0,1
R1,all_k5,total_overload,12.220759412472777,,,1,1
R1,all_k5,skipped_turns,0.0,,,1,1
R1,all_k5,jump_events,0.0,,,1,1
R1,all_k5,bound_violations,0.0,,,1,1
R1,all_k5,tail_target_range,0.6367036439639582,,,1,1
R1,all_k5,target_path_length,13.866035003099444,,,1,1
R1,all_k5,within_one_percent_best,0.0,,,1,1
R1,all_k5,mean_absolute_staleness,0.47004069196777337,,,1,1
R1,all_k5,max_curvature_fit_error,2.802202914153895e-13,,,1,1
R1,all_k5,max_slope_fit_error,3.3928415632544784e-13,,,1,1
R1,all_k5,max_valid_identification_error,3.3928415632544784e-13,,,1,1
R1,all_k5,max_exploration_formula_error,1.7763568394002505e-15,,,1,1
R1,rotation_k1,initial_Y,2.2927582728477915,,,1,1
R1,rotation_k1,final_Y,2.518207579191303,,,1,1
R1,rotation_k1,final_reward,2.518207579191303,,,1,1
R1,rotation_k1,improvement,0.22544930634351124,,,1,1
R1,rotation_k1,gap_to_best_found,0.003713505854224586,,,1,1
R1,rotation_k1,settling_period,,,,0,1
R1,rotation_k1,total_overload,0.0,,,1,1
R1,rotation_k1,skipped_turns,0.0,,,1,1
R1,rotation_k1,jump_events,0.0,,,1,1
R1,rotation_k1,bound_violations,0.0,,,1,1
R1,rotation_k1,tail_target_range,0.416629745291292,,,1,1
R1,rotation_k1,target_path_length,1.0670097782762982,,,1,1
R1,rotation_k1,within_one_percent_best,1.0,,,1,1
R1,rotation_k1,mean_absolute_staleness,0.18894296967375748,,,1,1
R1,rotation_k1,max_curvature_fit_error,3.019251515468113e-13,,,1,1
R1,rotation_k1,max_slope_fit_error,3.319566843629218e-13,,,1,1
R1,rotation_k1,max_valid_identification_error,3.319566843629218e-13,,,1,1
R1,rotation_k1,max_exploration_formula_error,6.459459703234138e-15,,,1,1
R2,price_fixed,initial_Y,2.2927582728477915,,,1,1
R2,price_fixed,final_Y,2.518207579191303,,,1,1
R2,price_fixed,final_reward,2.518207579191303,,,1,1
R2,price_fixed,improvement,0.22544930634351124,,,1,1
R2,price_fixed,gap_to_best_found,0.003713505854224586,,,1,1
R2,price_fixed,settling_period,,,,0,1
R2,price_fixed,total_overload,0.0,,,1,1
R2,price_fixed,skipped_turns,0.0,,,1,1
R2,price_fixed,jump_events,0.0,,,1,1
R2,price_fixed,bound_violations,0.0,,,1,1
R2,price_fixed,tail_target_range,0.416629745291292,,,1,1
R2,price_fixed,target_path_length,1.0670097782762982,,,1,1
R2,price_fixed,within_one_percent_best,1.0,,,1,1
R2,price_fixed,mean_absolute_staleness,0.18894296967375748,,,1,1
R2,price_fixed,max_curvature_fit_error,3.019251515468113e-13,,,1,1
R2,price_fixed,max_slope_fit_error,3.319566843629218e-13,,,1,1
R2,price_fixed,max_valid_identification_error,3.319566843629218e-13,,,1,1
R2,price_fixed,max_exploration_formula_error,6.459459703234138e-15,,,1,1
R2,ration_adaptive,initial_Y,2.4504115476989416,,,1,1
R2,ration_adaptive,final_Y,1.8421652690372998,,,1,1
R2,ration_adaptive,final_reward,1.8421652690372998,,,1,1
R2,ration_adaptive,improvement,-0.6082462786616418,,,1,1
R2,ration_adaptive,gap_to_best_found,0.6797558160082275,,,1,1
R2,ration_adaptive,settling_period,,,,0,1
R2,ration_adaptive,total_overload,5.329070518200751e-15,,,1,1
R2,ration_adaptive,skipped_turns,0.0,,,1,1
R2,ration_adaptive,jump_events,0.0,,,1,1
R2,ration_adaptive,bound_violations,7296.0,,,1,1
R2,ration_adaptive,tail_target_range,0.389199027000002,,,1,1
R2,ration_adaptive,target_path_length,1.8703953240000097,,,1,1
R2,ration_adaptive,within_one_percent_best,0.0,,,1,1
R2,ration_adaptive,mean_absolute_staleness,0.25659871372578164,,,1,1
R2,ration_adaptive,max_curvature_fit_error,5.6066262743570405e-14,,,1,1
R2,ration_adaptive,max_slope_fit_error,9.214851104388799e-14,,,1,1
R2,ration_adaptive,max_valid_identification_error,9.214851104388799e-14,,,1,1
R2,ration_adaptive,max_exploration_formula_error,9.247810850432359e-15,,,1,1
R3,eta0.1_theta0.1,initial_Y,2.292758273014778,,,1,1
R3,eta0.1_theta0.1,final_Y,3.6595430394647317,,,1,1
R3,eta0.1_theta0.1,final_reward,-3.8703675848931103,,,1,1
R3,eta0.1_theta0.1,improvement,1.3667847664499537,,,1,1
R3,eta0.1_theta0.1,gap_to_best_found,-1.1376219544192043,,,1,1
R3,eta0.1_theta0.1,settling_period,,,,0,1
R3,eta0.1_theta0.1,total_overload,39.774467548679816,,,1,1
R3,eta0.1_theta0.1,skipped_turns,0.0,,,1,1
R3,eta0.1_theta0.1,jump_events,0.0,,,1,1
R3,eta0.1_theta0.1,bound_violations,0.0,,,1,1
R3,eta0.1_theta0.1,tail_target_range,0.5080030045443432,,,1,1
R3,eta0.1_theta0.1,target_path_length,1.9041156520914888,,,1,1
R3,eta0.1_theta0.1,within_one_percent_best,0.0,,,1,1
R3,eta0.1_theta0.1,mean_absolute_staleness,0.2994408586925725,,,1,1
R3,eta0.1_theta0.1,max_curvature_fit_error,0.22292923900139827,,,1,1
R3,eta0.1_theta0.1,max_slope_fit_error,0.5661959323428991,,,1,1
R3,eta0.1_theta0.1,max_valid_identification_error,,,,0,1
R3,eta0.1_theta0.1,max_exploration_formula_error,7.627579123870021e-15,,,1,1
R3,eta1.0_theta1.0,initial_Y,2.2927582730223093,,,1,1
R3,eta1.0_theta1.0,final_Y,3.61579263817716,,,1,1
R3,eta1.0_theta1.0,final_reward,-3.177429276806498,,,1,1
R3,eta1.0_theta1.0,improvement,1.3230343651548506,,,1,1
R3,eta1.0_theta1.0,gap_to_best_found,-1.0938715531316325,,,1,1
R3,eta1.0_theta1.0,settling_period,,,,0,1
R3,eta1.0_theta1.0,total_overload,30.191759176224288,,,1,1
R3,eta1.0_theta1.0,skipped_turns,0.0,,,1,1
R3,eta1.0_theta1.0,jump_events,0.0,,,1,1
R3,eta1.0_theta1.0,bound_violations,0.0,,,1,1
R3,eta1.0_theta1.0,tail_target_range,0.5080030045420849,,,1,1
R3,eta1.0_theta1.0,target_path_length,2.1428857034591866,,,1,1
R3,eta1.0_theta1.0,within_one_percent_best,0.0,,,1,1
R3,eta1.0_theta1.0,mean_absolute_staleness,0.48792087917181065,,,1,1
R3,eta1.0_theta1.0,max_curvature_fit_error,2.186909057538428,,,1,1
R3,eta1.0_theta1.0,max_slope_fit_error,2.1939846851062548,,,1,1
R3,eta1.0_theta1.0,max_valid_identification_error,,,,0,1
R3,eta1.0_theta1.0,max_exploration_formula_error,6.222886789197801e-15,,,1,1
R4,offset-5.0_draft,initial_Y,-2.7072417271522085,,,1,1
R4,offset-5.0_draft,final_Y,-2.4817924208086786,,,1,1
R4,offset-5.0_draft,final_reward,-2.4817924208086786,,,1,1
R4,offset-5.0_draft,improvement,0.2254493063435299,,,1,1
R4,offset-5.0_draft,gap_to_best_found,0.00371350585420549,,,1,1
R4,offset-5.0_draft,settling_period,,,,0,1
R4,offset-5.0_draft,total_overload,0.0,,,1,1
R4,offset-5.0_draft,skipped_turns,0.0,,,1,1
R4,offset-5.0_draft,jump_events,0.0,,,1,1
R4,offset-5.0_draft,bound_violations,0.0,,,1,1
R4,offset-5.0_draft,tail_target_range,0.4166297452913114,,,1,1
R4,offset-5.0_draft,target_path_length,1.067009778276309,,,1,1
R4,offset-5.0_draft,within_one_percent_best,1.0,,,1,1
R4,offset-5.0_draft,mean_absolute_staleness,0.1889429696737299,,,1,1
R4,offset-5.0_draft,max_curvature_fit_error,3.6720626539477053e-13,,,1,1
R4,offset-5.0_draft,max_slope_fit_error,4.900524430695441e-13,,,1,1
R4,offset-5.0_draft,max_valid_identification_error,4.900524430695441e-13,,,1,1
R4,offset-5.0_draft,max_exploration_formula_error,7.347638122934264e-15,,,1,1
R4,offset5.0_absolute_drop,initial_Y,7.292758272847792,,,1,1
R4,offset5.0_absolute_drop,final_Y,7.518207579191322,,,1,1
R4,offset5.0_absolute_drop,final_reward,7.518207579191322,,,1,1
R4,offset5.0_absolute_drop,improvement,0.22544930634352944,,,1,1
R4,offset5.0_absolute_drop,gap_to_best_found,0.003713505854205934,,,1,1
R4,offset5.0_absolute_drop,settling_period,,,,0,1
R4,offset5.0_absolute_drop,total_overload,0.0,,,1,1
R4,offset5.0_absolute_drop,skipped_turns,0.0,,,1,1
R4,offset5.0_absolute_drop,jump_events,0.0,,,1,1
R4,offset5.0_absolute_drop,bound_violations,0.0,,,1,1
R4,offset5.0_absolute_drop,tail_target_range,0.4166297452912671,,,1,1
R4,offset5.0_absolute_drop,target_path_length,1.0670097782762795,,,1,1
R4,offset5.0_absolute_drop,within_one_percent_best,1.0,,,1,1
R4,offset5.0_absolute_drop,mean_absolute_staleness,0.18894296967376464,,,1,1
R4,offset5.0_absolute_drop,max_curvature_fit_error,2.8466118351389014e-13,,,1,1
R4,offset5.0_absolute_drop,max_slope_fit_error,3.0619951019161817e-13,,,1,1
R4,offset5.0_absolute_drop,max_valid_identification_error,3.0619951019161817e-13,,,1,1
R4,offset5.0_absolute_drop,max_exploration_formula_error,4.07486544506952e-15,,,1,1
R5,width0.0_amplitude0.03,initial_Y,2.2927582728477915,,,1,1
R5,width0.0_amplitude0.03,final_Y,1.6819745999756688,,,1,1
R5,width0.0_amplitude0.03,final_reward,1.0047488514693221,,,1,1
R5,width0.0_amplitude0.03,improvement,-0.6107836728721228,,,1,1
R5,width0.0_amplitude0.03,gap_to_best_found,0.8399464850698586,,,1,1
R5,width0.0_amplitude0.03,settling_period,,,,0,1
R5,width0.0_amplitude0.03,total_overload,3.8637501360440574,,,1,1
R5,width0.0_amplitude0.03,skipped_turns,0.0,,,1,1
R5,width0.0_amplitude0.03,jump_events,0.0,,,1,1
R5,width0.0_amplitude0.03,bound_violations,0.0,,,1,1
R5,width0.0_amplitude0.03,tail_target_range,0.7078757301252341,,,1,1
R5,width0.0_amplitude0.03,target_path_length,3.617014655056444,,,1,1
R5,width0.0_amplitude0.03,within_one_percent_best,0.0,,,1,1
R5,width0.0_amplitude0.03,mean_absolute_staleness,0.25481624387433294,,,1,1
R5,width0.0_amplitude0.03,max_curvature_fit_error,6.103451077876798e-13,,,1,1
R5,width0.0_amplitude0.03,max_slope_fit_error,8.577583088253959e-13,,,1,1
R5,width0.0_amplitude0.03,max_valid_identification_error,8.577583088253959e-13,,,1,1
R5,width0.0_amplitude0.03,max_exploration_formula_error,2.9692231746231146e-15,,,1,1
R5,width0.3_amplitude0.15,initial_Y,2.2927582728477915,,,1,1
R5,width0.3_amplitude0.15,final_Y,2.512805876871928,,,1,1
R5,width0.3_amplitude0.15,final_reward,2.512805876871928,,,1,1
R5,width0.3_amplitude0.15,improvement,0.2200476040241366,,,1,1
R5,width0.3_amplitude0.15,gap_to_best_found,0.009115208173599232,,,1,1
R5,width0.3_amplitude0.15,settling_period,,,,0,1
R5,width0.3_amplitude0.15,total_overload,0.0,,,1,1
R5,width0.3_amplitude0.15,skipped_turns,0.0,,,1,1
R5,width0.3_amplitude0.15,jump_events,0.0,,,1,1
R5,width0.3_amplitude0.15,bound_violations,0.0,,,1,1
R5,width0.3_amplitude0.15,tail_target_range,0.4190593171000969,,,1,1
R5,width0.3_amplitude0.15,target_path_length,0.9343634213332294,,,1,1
R5,width0.3_amplitude0.15,within_one_percent_best,1.0,,,1,1
R5,width0.3_amplitude0.15,mean_absolute_staleness,0.18176856100858207,,,1,1
R5,width0.3_amplitude0.15,max_curvature_fit_error,6.811218256075335e-14,,,1,1
R5,width0.3_amplitude0.15,max_slope_fit_error,9.370282327836321e-14,,,1,1
R5,width0.3_amplitude0.15,max_valid_identification_error,9.370282327836321e-14,,,1,1
R5,width0.3_amplitude0.15,max_exploration_formula_error,5.302182304323111e-15,,,1,1
R6,all_budget0.5_beta0.1,initial_Y,1.3197093801331348,,,1,1
R6,all_budget0.5_beta0.1,final_Y,1.5190011311713238,,,1,1
R6,all_budget0.5_beta0.1,final_reward,1.5190011311713238,,,1,1
R6,all_budget0.5_beta0.1,improvement,0.19929175103818908,,,1,1
R6,all_budget0.5_beta0.1,gap_to_best_found,0.03393521536576216,,,1,1
R6,all_budget0.5_beta0.1,settling_period,,,,0,1
R6,all_budget0.5_beta0.1,total_overload,0.5948904740249916,,,1,1
R6,all_budget0.5_beta0.1,skipped_turns,20.0,,,1,1
R6,all_budget0.5_beta0.1,jump_events,0.0,,,1,1
R6,all_budget0.5_beta0.1,bound_violations,0.0,,,1,1
R6,all_budget0.5_beta0.1,tail_target_range,0.18825477211678876,,,1,1
R6,all_budget0.5_beta0.1,target_path_length,0.904055870070402,,,1,1
R6,all_budget0.5_beta0.1,within_one_percent_best,0.0,,,1,1
R6,all_budget0.5_beta0.1,mean_absolute_staleness,0.07924864049179588,,,1,1
R6,all_budget0.5_beta0.1,max_curvature_fit_error,1.8590684547348246e-13,,,1,1
R6,all_budget0.5_beta0.1,max_slope_fit_error,1.2534417948018017e-13,,,1,1
R6,all_budget0.5_beta0.1,max_valid_identification_error,1.8590684547348246e-13,,,1,1
R6,all_budget0.5_beta0.1,max_exploration_formula_error,1.673628683557249e-15,,,1,1
R6,all_budget3.0_beta1.0,initial_Y,3.7389864572687164,,,1,1
R6,all_budget3.0_beta1.0,final_Y,3.578273868576872,,,1,1
R6,all_budget3.0_beta1.0,final_reward,3.578273868576872,,,1,1
R6,all_budget3.0_beta1.0,improvement,-0.16071258869184435,,,1,1
R6,all_budget3.0_beta1.0,gap_to_best_found,0.28316836455174643,,,1,1
R6,all_budget3.0_beta1.0,settling_period,,,,0,1
R6,all_budget3.0_beta1.0,total_overload,6.892716054450645,,,1,1
R6,all_budget3.0_beta1.0,skipped_turns,12.0,,,1,1
R6,all_budget3.0_beta1.0,jump_events,0.0,,,1,1
R6,all_budget3.0_beta1.0,bound_violations,0.0,,,1,1
R6,all_budget3.0_beta1.0,tail_target_range,0.999999,,,1,1
R6,all_budget3.0_beta1.0,target_path_length,14.339902186960979,,,1,1
R6,all_budget3.0_beta1.0,within_one_percent_best,0.0,,,1,1
R6,all_budget3.0_beta1.0,mean_absolute_staleness,0.6518751952748325,,,1,1
R6,all_budget3.0_beta1.0,max_curvature_fit_error,4.4786396813378815e-13,,,1,1
R6,all_budget3.0_beta1.0,max_slope_fit_error,8.459899447643693e-13,,,1,1
R6,all_budget3.0_beta1.0,max_valid_identification_error,8.459899447643693e-13,,,1,1
R6,all_budget3.0_beta1.0,max_exploration_formula_error,8.800740084607961e-15,,,1,1
