family,arm,world,seed,initial_Y,final_Y,final_reward,improvement,gap_to_best_found,settling_period,total_overload,skipped_turns,jump_events,bound_violations,tail_target_range,target_path_length,within_one_percent_best,mean_absolute_staleness,max_curvature_fit_error,max_slope_fit_error,max_valid_identification_error,max_exploration_formula_error
E1,k1_beta0.3_width0.02_budget1.0,0,0,1.727524002950685,1.8467385789865507,1.8467385789865507,0.1192145760358656,0.17388457559830006,,0.01488618368430572,0,0,0,0.30101960797644006,1.1042403610213025,0.0,0.1925620444625826,1.836308882730009e-13,2.1094237467877974e-13,2.1094237467877974e-13,3.617765809149631e-15
E1,k5_beta1.0_width0.2_budget3.0,0,0,2.4307786875548123,2.4307786875548123,2.4307786875548123,0.0,0.30549933222939707,,0.0,60,0,0,0.0,0.0,0.0,0.8025161939372475,,,,8.881784197001252e-16
E10,n12,0,0,5.322048836244105,9.74053482667763,9.74053482667763,4.418485990433525,0.7931223258249691,,0.0,0,0,0,0.5352248146529547,2.998416041363342,0.0,1.0524353389301775,3.170796958329447e-13,3.5860203695392556e-13,3.5860203695392556e-13,5.96453225351623e-14
E10,n3,0,0,0.3080445610657275,0.4443454795953315,0.4443454795953315,0.13630091852960402,0.16511934115079602,,0.29734756473372537,0,0,0,0.6334090418503586,2.961807369309825,0.0,0.2857749512255968,4.8960835385969403e-14,6.38378239159465e-14,6.38378239159465e-14,7.216449660063518e-16
E11,budget0.5,0,0,1.3197093801331348,1.3404727340643519,1.1492044281833091,0.020763353931217088,0.21246361247273415,,0.605480863706338,0,0,0,0.5149368305883542,1.9675235630038783,0.0,0.1646510251615424,1.9156898289907076e-13,1.6542323066914832e-13,1.9156898289907076e-13,2.7289368681460147e-15
E11,budget3.0,0,0,3.7389864572687164,3.859580265892087,3.859580265892087,0.12059380862337044,0.0018619672365316475,,0.0,0,0,0,0.44123289653339404,0.5624830238100322,1.0,0.289842181901283,3.4811042937121783e-13,6.403766406037903e-13,6.403766406037903e-13,7.099789506304077e-15
E12,interference_right,0,0,0.3372666848007042,0.586819474630596,0.42424906274707463,0.24955278982989182,0.06934501560671691,,1.9716819018610812,0,0,0,0.9099990899999999,3.5864708528845357,0.0,0.4292807968980756,9.123257704857224e-14,8.260059303211165e-14,9.123257704857224e-14,9.730714498057402e-16
E12,linear,0,0,0.9481808381578958,0.370198195937141,0.370198195937141,-0.5779826422207548,0.60954170903997,,3.0050109424078193,0,0,0,0.6673840258222854,4.671318101658718,0.0,0.057692307692400226,2.537033083616076e-13,4.671818487622659e-13,4.671818487622659e-13,2.7755575615628914e-15
E2,frustrated_prior0.5_alpha0.0,0,0,2.3548535031271625,2.1069821990809516,2.1069821990809516,-0.24787130404621083,0.41493888596457573,,0.051388802859605676,0,0,0,0.5333079293351033,2.569301807703773,0.0,0.36009443734071833,1.7841284005726266e-13,2.398081733190338e-13,2.398081733190338e-13,4.283249102621234e-15
E2,interference_prior2.0_alpha0.6,0,0,-0.0022490720745214077,-0.0022490720745214077,-0.0022490720745214077,0.0,0.8795363338806668,,0.0,12,0,0,0.0,0.0,0.0,2.3385762375268255,,,,1.7763568394002505e-15
E3,k1_nonresonant,0,0,2.2927582728477915,2.518207579191303,2.518207579191303,0.22544930634351124,0.003713505854224586,,0.0,0,0,0,0.416629745291292,1.0670097782762982,1.0,0.18894296967375748,3.019251515468113e-13,3.319566843629218e-13,3.319566843629218e-13,6.459459703234138e-15
E3,k5_resonant,0,0,2.2927582728477915,1.6779572467257842,1.6779572467257842,-0.6148010261220074,0.8439638383197432,,9.19384255918197,18,0,0,0.6367036439639582,10.810047911870486,0.0,0.3229775698698343,0.5910545986877155,0.8777437802722485,,2.5175174445113413e-15
E4,tolerance0.005_amplitude0.03,0,0,2.2927582728477915,2.2927582728477915,2.2927582728477915,0.0,0.22916281219773582,,0.0,12,0,0,0.0,0.0,0.0,0.44686982453259494,,,,1.7763568394002505e-15
E4,tolerance0.05_amplitude0.15,0,0,2.2927582728477915,2.51444024748883,2.51444024748883,0.22168197464103834,0.007480837556697484,,0.0,0,0,0,0.4162341775580849,1.0776245615345985,1.0,0.18856234888899948,6.566969190657801e-14,8.060219158778636e-14,8.060219158778636e-14,5.294376048681215e-15
E5,alpha0.0_width0.02_reviewedFalse,0,0,2.3548535031271625,2.3548535031271625,2.3548535031271625,0.0,0.1670675819183649,,0.0,0,0,0,0.0,0.0,0.0,0.44717906701945953,,,,1.7763568394002505e-15
E5,alpha0.6_width0.3_reviewedTrue,0,0,2.2336964935476753,2.2336964935476753,2.2336964935476753,0.0,0.28822459149785207,,0.0,12,0,0,0.0,0.0,0.0,0.4441623643571731,,,,1.3322676295501878e-15
E6,interaction0.1_k1_memory0.5,0,0,1.8900507136932492,1.7991219618523742,1.7991219618523742,-0.09092875184087501,0.195472941320471,,0.2335003732067431,0,0,0,0.6103496855627353,2.615160332120103,0.0,0.12142404233534512,1.7114087924596788e-13,2.2160051571518125e-13,2.2160051571518125e-13,3.408731630294426e-15
E6,interaction0.8_k5_memory1.0,0,0,2.829701685053848,1.0476275969189246,1.0476275969189246,-1.7820740881349233,2.4620026682827145,,13.93384475630749,0,0,0,0.6367036439639582,14.207875835457418,0.0,0.9975379131538243,6.262212970398195e-13,9.57900425646585e-13,9.57900425646585e-13,2.0322285521068295e-15
E7,adaptive_exact,0,0,2.2927582728477915,2.5332687982315147,2.3817740098369424,0.2405105253837232,-0.011347713185987374,,0.17558477673836315,0,0,0,0.41955619772574626,1.7690186822047909,1.0,1.8251694757577306,4.08139266960827,4.877893668812868,,1.7763568394002505e-15
E7,fixed,0,0,2.2927582728477915,2.518207579191303,2.518207579191303,0.22544930634351124,0.003713505854224586,,0.0,0,0,0,0.416629745291292,1.0670097782762982,1.0,0.18894296967375748,3.019251515468113e-13,3.319566843629218e-13,3.319566843629218e-13,6.459459703234138e-15
E8,concave,0,0,1.727524002950685,1.9158985646668842,1.9158985646668842,0.18837456171619915,0.10472458991796652,,0.0,0,0,0,0.452469617035352,2.182519275747528,0.0,0.21465338829511837,1.815214645262131e-13,2.071676163950542e-13,2.071676163950542e-13,4.238363132680334e-15
E8,frustrated,0,0,2.2927582728477915,2.518207579191303,2.518207579191303,0.22544930634351124,0.003713505854224586,,0.0,0,0,0,0.416629745291292,1.0670097782762982,1.0,0.18894296967375748,3.019251515468113e-13,3.319566843629218e-13,3.319566843629218e-13,6.459459703234138e-15
E9,invisible_with_relocation,0,0,2.2927582728477915,2.516913360011048,2.516913360011048,0.22415508716325627,0.004896293254045059,,0.0,0,0,0,0.4030863375641167,1.0531537926211296,1.0,0.1895146449212844,2.910449659054848e-13,3.319566843629218e-13,3.319566843629218e-13,7.183489914019958e-15
E9,random_k1,0,0,2.2927582728477915,1.65594765124324,1.65594765124324,-0.6368106216045515,0.770883068136587,,0.3286116283809495,0,0,0,0.5457219218050093,2.7170790284135595,0.0,0.3357333295820386,2.910449659054848e-13,3.319566843629218e-13,3.319566843629218e-13,4.239013653983825e-15
R1,all_k5,0,0,2.2927582728477915,0.9268399754500022,0.9268399754500022,-1.3659182973977892,1.595081109595525,,12.220759412472777,0,0,0,0.6367036439639582,13.866035003099444,0.0,0.47004069196777337,2.802202914153895e-13,3.3928415632544784e-13,3.3928415632544784e-13,1.7763568394002505e-15
R1,rotation_k1,0,0,2.2927582728477915,2.518207579191303,2.518207579191303,0.22544930634351124,0.003713505854224586,,0.0,0,0,0,0.416629745291292,1.0670097782762982,1.0,0.18894296967375748,3.019251515468113e-13,3.319566843629218e-13,3.319566843629218e-13,6.459459703234138e-15
R2,price_fixed,0,0,2.2927582728477915,2.518207579191303,2.518207579191303,0.22544930634351124,0.003713505854224586,,0.0,0,0,0,0.416629745291292,1.0670097782762982,1.0,0.18894296967375748,3.019251515468113e-13,3.319566843629218e-13,3.319566843629218e-13,6.459459703234138e-15
R2,ration_adaptive,0,0,2.4504115476989416,1.8421652690372998,1.8421652690372998,-0.6082462786616418,0.6797558160082275,,5.329070518200751e-15,0,0,7296,0.389199027000002,1.8703953240000097,0.0,0.25659871372578164,5.6066262743570405e-14,9.214851104388799e-14,9.214851104388799e-14,9.247810850432359e-15
R3,eta0.1_theta0.1,0,0,2.292758273014778,3.6595430394647317,-3.8703675848931103,1.3667847664499537,-1.1376219544192043,,39.774467548679816,0,0,0,0.5080030045443432,1.9041156520914888,0.0,0.2994408586925725,0.22292923900139827,0.5661959323428991,,7.627579123870021e-15
R3,eta1.0_theta1.0,0,0,2.2927582730223093,3.61579263817716,-3.177429276806498,1.3230343651548506,-1.0938715531316325,,30.191759176224288,0,0,0,0.5080030045420849,2.1428857034591866,0.0,0.48792087917181065,2.186909057538428,2.1939846851062548,,6.222886789197801e-15
R4,offset-5.0_draft,0,0,-2.7072417271522085,-2.4817924208086786,-2.4817924208086786,0.2254493063435299,0.00371350585420549,,0.0,0,0,0,0.4166297452913114,1.067009778276309,1.0,0.1889429696737299,3.6720626539477053e-13,4.900524430695441e-13,4.900524430695441e-13,7.347638122934264e-15
R4,offset5.0_absolute_drop,0,0,7.292758272847792,7.518207579191322,7.518207579191322,0.22544930634352944,0.003713505854205934,,0.0,0,0,0,0.4166297452912671,1.0670097782762795,1.0,0.18894296967376464,2.8466118351389014e-13,3.0619951019161817e-13,3.0619951019161817e-13,4.07486544506952e-15
R5,width0.0_amplitude0.03,0,0,2.2927582728477915,1.6819745999756688,1.0047488514693221,-0.6107836728721228,0.8399464850698586,,3.8637501360440574,0,0,0,0.7078757301252341,3.617014655056444,0.0,0.25481624387433294,6.103451077876798e-13,8.577583088253959e-13,8.577583088253959e-13,2.9692231746231146e-15
R5,width0.3_amplitude0.15,0,0,2.2927582728477915,2.512805876871928,2.512805876871928,0.2200476040241366,0.009115208173599232,,0.0,0,0,0,0.4190593171000969,0.9343634213332294,1.0,0.18176856100858207,6.811218256075335e-14,9.370282327836321e-14,9.370282327836321e-14,5.302182304323111e-15
R6,all_budget0.5_beta0.1,0,0,1.3197093801331348,1.5190011311713238,1.5190011311713238,0.19929175103818908,0.03393521536576216,,0.5948904740249916,20,0,0,0.18825477211678876,0.904055870070402,0.0,0.07924864049179588,1.8590684547348246e-13,1.2534417948018017e-13,1.8590684547348246e-13,1.673628683557249e-15
R6,all_budget3.0_beta1.0,0,0,3.7389864572687164,3.578273868576872,3.578273868576872,-0.16071258869184435,0.28316836455174643,,6.892716054450645,12,0,0,0.999999,14.339902186960979,0.0,0.6518751952748325,4.4786396813378815e-13,8.459899447643693e-13,8.459899447643693e-13,8.800740084607961e-15
