family,arm,metric,runs,total_worlds,missing_runs,n,mean,median,sd,min,max,ci95_low,ci95_high
E12,interference_left,initial_Y,1,1,0,1,0.3372666848007042,0.3372666848007042,,0.3372666848007042,0.3372666848007042,,
E12,interference_left,final_Y,1,1,0,1,0.3190069481603977,0.3190069481603977,,0.3190069481603977,0.3190069481603977,,
E12,interference_left,final_reward,1,1,0,1,0.3190069481603977,0.3190069481603977,,0.3190069481603977,0.3190069481603977,,
E12,interference_left,improvement,1,1,0,1,-0.0182597366403065,-0.0182597366403065,,-0.0182597366403065,-0.0182597366403065,,
E12,interference_left,gap_to_best_found,1,1,0,1,0.33715754207691523,0.33715754207691523,,0.33715754207691523,0.33715754207691523,,
E12,interference_left,settling_period,1,1,1,0,,,,,,,
E12,interference_left,total_overload,1,1,0,1,61.72609486646803,61.72609486646803,,61.72609486646803,61.72609486646803,,
E12,interference_left,skipped_turns,1,1,0,1,0.0,0.0,,0.0,0.0,,
E12,interference_left,jump_events,1,1,0,1,0.0,0.0,,0.0,0.0,,
E12,interference_left,bound_violations,1,1,0,1,0.0,0.0,,0.0,0.0,,
E12,interference_left,tail_target_range,1,1,0,1,0.8494552294720148,0.8494552294720148,,0.8494552294720148,0.8494552294720148,,
E12,interference_left,target_path_length,1,1,0,1,97.17646581082884,97.17646581082884,,97.17646581082884,97.17646581082884,,
E12,interference_left,within_one_percent_best,1,1,0,1,0.0,0.0,,0.0,0.0,,
E12,interference_left,mean_absolute_staleness,1,1,0,1,0.3356000640472743,0.3356000640472743,,0.3356000640472743,0.3356000640472743,,
E12,interference_left,max_curvature_fit_error,1,1,0,1,1.7361112547575885e-13,1.7361112547575885e-13,,1.7361112547575885e-13,1.7361112547575885e-13,,
E12,interference_left,max_slope_fit_error,1,1,0,1,2.9176661087149114e-13,2.9176661087149114e-13,,2.9176661087149114e-13,2.9176661087149114e-13,,
E12,interference_left,max_valid_identification_error,1,1,0,1,2.9176661087149114e-13,2.9176661087149114e-13,,2.9176661087149114e-13,2.9176661087149114e-13,,
E12,interference_left,max_exploration_formula_error,1,1,0,1,1.8612498695058655e-15,1.8612498695058655e-15,,1.8612498695058655e-15,1.8612498695058655e-15,,
E12,interference_left,mean_overload,1,1,0,1,0.20507008261285048,0.20507008261285048,,0.20507008261285048,0.20507008261285048,,
E12,interference_left,overload_period_fraction,1,1,0,1,0.3754152823920266,0.3754152823920266,,0.3754152823920266,0.3754152823920266,,
E12,interference_left,tail_mean_Y,1,1,0,1,0.4881150585502523,0.4881150585502523,,0.4881150585502523,0.4881150585502523,,
E12,interference_left,tail_mean_reward,1,1,0,1,0.22368273055294705,0.22368273055294705,,0.22368273055294705,0.22368273055294705,,
E12,interference_left,tail_price_range,1,1,0,1,1000.0,1000.0,,1000.0,1000.0,,
E12,interference_left,settling_observed,1,1,0,1,0.0,0.0,,0.0,0.0,,
E12,interference_left,skip_fraction,1,1,0,1,0.0,0.0,,0.0,0.0,,
E12,interference_left,eligible_fit_count,1,1,0,1,300.0,300.0,,300.0,300.0,,
E12,interference_left,fit_count,1,1,0,1,300.0,300.0,,300.0,300.0,,
E12,interference_left,max_complementarity_residual,1,1,0,1,1403.4417556909987,1403.4417556909987,,1403.4417556909987,1403.4417556909987,,
E12,interference_left,final_target_budget_excess,1,1,0,1,0.0,0.0,,0.0,0.0,,
E12,interference_left,final_budget_feasible,1,1,0,1,1.0,1.0,,1.0,1.0,,
E12,interference_left,global_certified,1,1,0,1,0.0,0.0,,0.0,0.0,,
E12,interference_right,initial_Y,1,1,0,1,0.3372666848007042,0.3372666848007042,,0.3372666848007042,0.3372666848007042,,
E12,interference_right,final_Y,1,1,0,1,0.5902506992595368,0.5902506992595368,,0.5902506992595368,0.5902506992595368,,
E12,interference_right,final_reward,1,1,0,1,0.4057202830651122,0.4057202830651122,,0.4057202830651122,0.4057202830651122,,
E12,interference_right,improvement,1,1,0,1,0.25298401445883256,0.25298401445883256,,0.25298401445883256,0.25298401445883256,,
E12,interference_right,gap_to_best_found,1,1,0,1,0.06591379097777617,0.06591379097777617,,0.06591379097777617,0.06591379097777617,,
E12,interference_right,settling_period,1,1,1,0,,,,,,,
E12,interference_right,total_overload,1,1,0,1,61.123213622040346,61.123213622040346,,61.123213622040346,61.123213622040346,,
E12,interference_right,skipped_turns,1,1,0,1,0.0,0.0,,0.0,0.0,,
E12,interference_right,jump_events,1,1,0,1,0.0,0.0,,0.0,0.0,,
E12,interference_right,bound_violations,1,1,0,1,0.0,0.0,,0.0,0.0,,
E12,interference_right,tail_target_range,1,1,0,1,0.8494552294720148,0.8494552294720148,,0.8494552294720148,0.8494552294720148,,
E12,interference_right,target_path_length,1,1,0,1,96.43185099691924,96.43185099691924,,96.43185099691924,96.43185099691924,,
E12,interference_right,within_one_percent_best,1,1,0,1,0.0,0.0,,0.0,0.0,,
E12,interference_right,mean_absolute_staleness,1,1,0,1,0.33516351966343316,0.33516351966343316,,0.33516351966343316,0.33516351966343316,,
E12,interference_right,max_curvature_fit_error,1,1,0,1,1.6928125567972074e-13,1.6928125567972074e-13,,1.6928125567972074e-13,1.6928125567972074e-13,,
E12,interference_right,max_slope_fit_error,1,1,0,1,3.0242475190789264e-13,3.0242475190789264e-13,,3.0242475190789264e-13,3.0242475190789264e-13,,
E12,interference_right,max_valid_identification_error,1,1,0,1,3.0242475190789264e-13,3.0242475190789264e-13,,3.0242475190789264e-13,3.0242475190789264e-13,,
E12,interference_right,max_exploration_formula_error,1,1,0,1,1.8612498695058655e-15,1.8612498695058655e-15,,1.8612498695058655e-15,1.8612498695058655e-15,,
E12,interference_right,mean_overload,1,1,0,1,0.20306715489049945,0.20306715489049945,,0.20306715489049945,0.20306715489049945,,
E12,interference_right,overload_period_fraction,1,1,0,1,0.37209302325581395,0.37209302325581395,,0.37209302325581395,0.37209302325581395,,
E12,interference_right,tail_mean_Y,1,1,0,1,0.459282760553951,0.459282760553951,,0.459282760553951,0.459282760553951,,
E12,interference_right,tail_mean_reward,1,1,0,1,0.28555076975080645,0.28555076975080645,,0.28555076975080645,0.28555076975080645,,
E12,interference_right,tail_price_range,1,1,0,1,1000.0,1000.0,,1000.0,1000.0,,
E12,interference_right,settling_observed,1,1,0,1,0.0,0.0,,0.0,0.0,,
E12,interference_right,skip_fraction,1,1,0,1,0.0,0.0,,0.0,0.0,,
E12,interference_right,eligible_fit_count,1,1,0,1,300.0,300.0,,300.0,300.0,,
E12,interference_right,fit_count,1,1,0,1,300.0,300.0,,300.0,300.0,,
E12,interference_right,max_complementarity_residual,1,1,0,1,1403.4417556909987,1403.4417556909987,,1403.4417556909987,1403.4417556909987,,
E12,interference_right,final_target_budget_excess,1,1,0,1,0.3671303088682909,0.3671303088682909,,0.3671303088682909,0.3671303088682909,,
E12,interference_right,final_budget_feasible,1,1,0,1,0.0,0.0,,0.0,0.0,,
E12,interference_right,global_certified,1,1,0,1,0.0,0.0,,0.0,0.0,,
E12,linear,initial_Y,1,1,0,1,0.9481808381578958,0.9481808381578958,,0.9481808381578958,0.9481808381578958,,
E12,linear,final_Y,1,1,0,1,0.4708527077867057,0.4708527077867057,,0.4708527077867057,0.4708527077867057,,
E12,linear,final_reward,1,1,0,1,0.4708527077867057,0.4708527077867057,,0.4708527077867057,0.4708527077867057,,
E12,linear,improvement,1,1,0,1,-0.4773281303711901,-0.4773281303711901,,-0.4773281303711901,-0.4773281303711901,,
E12,linear,gap_to_best_found,1,1,0,1,0.5088871971904052,0.5088871971904052,,0.5088871971904052,0.5088871971904052,,
E12,linear,settling_period,1,1,1,0,,,,,,,
E12,linear,total_overload,1,1,0,1,97.19507589335201,97.19507589335201,,97.19507589335201,97.19507589335201,,
E12,linear,skipped_turns,1,1,0,1,141.0,141.0,,141.0,141.0,,
E12,linear,jump_events,1,1,0,1,0.0,0.0,,0.0,0.0,,
E12,linear,bound_violations,1,1,0,1,0.0,0.0,,0.0,0.0,,
E12,linear,tail_target_range,1,1,0,1,0.6546756043165467,0.6546756043165467,,0.6546756043165467,0.6546756043165467,,
E12,linear,target_path_length,1,1,0,1,68.86695427008048,68.86695427008048,,68.86695427008048,68.86695427008048,,
E12,linear,within_one_percent_best,1,1,0,1,0.0,0.0,,0.0,0.0,,
E12,linear,mean_absolute_staleness,1,1,0,1,0.0024916943524600477,0.0024916943524600477,,0.0024916943524600477,0.0024916943524600477,,
E12,linear,max_curvature_fit_error,1,1,0,1,2.6454533008646263e-13,2.6454533008646263e-13,,2.6454533008646263e-13,2.6454533008646263e-13,,
E12,linear,max_slope_fit_error,1,1,0,1,4.867217739956686e-13,4.867217739956686e-13,,4.867217739956686e-13,4.867217739956686e-13,,
E12,linear,max_valid_identification_error,1,1,0,1,4.867217739956686e-13,4.867217739956686e-13,,4.867217739956686e-13,4.867217739956686e-13,,
E12,linear,max_exploration_formula_error,1,1,0,1,2.7755575615628914e-15,2.7755575615628914e-15,,2.7755575615628914e-15,2.7755575615628914e-15,,
E12,linear,mean_overload,1,1,0,1,0.3229072288815685,0.3229072288815685,,0.3229072288815685,0.3229072288815685,,
E12,linear,overload_period_fraction,1,1,0,1,0.3388704318936877,0.3388704318936877,,0.3388704318936877,0.3388704318936877,,
E12,linear,tail_mean_Y,1,1,0,1,0.6157245007964977,0.6157245007964977,,0.6157245007964977,0.6157245007964977,,
E12,linear,tail_mean_reward,1,1,0,1,0.3206079226521061,0.3206079226521061,,0.3206079226521061,0.3206079226521061,,
E12,linear,tail_price_range,1,1,0,1,1000.0,1000.0,,1000.0,1000.0,,
E12,linear,settling_observed,1,1,0,1,0.0,0.0,,0.0,0.0,,
E12,linear,skip_fraction,1,1,0,1,0.47,0.47,,0.47,0.47,,
E12,linear,eligible_fit_count,1,1,0,1,159.0,159.0,,159.0,159.0,,
E12,linear,fit_count,1,1,0,1,159.0,159.0,,159.0,159.0,,
E12,linear,max_complementarity_residual,1,1,0,1,1540.3379993763476,1540.3379993763476,,1540.3379993763476,1540.3379993763476,,
E12,linear,final_target_budget_excess,1,1,0,1,0.0,0.0,,0.0,0.0,,
E12,linear,final_budget_feasible,1,1,0,1,1.0,1.0,,1.0,1.0,,
E12,linear,global_certified,1,1,0,1,1.0,1.0,,1.0,1.0,,
E12,linear_private_motive,initial_Y,1,1,0,1,0.8992553881222798,0.8992553881222798,,0.8992553881222798,0.8992553881222798,,
E12,linear_private_motive,final_Y,1,1,0,1,0.4708540530707827,0.4708540530707827,,0.4708540530707827,0.4708540530707827,,
E12,linear_private_motive,final_reward,1,1,0,1,0.4708540530707827,0.4708540530707827,,0.4708540530707827,0.4708540530707827,,
E12,linear_private_motive,improvement,1,1,0,1,-0.4284013350514971,-0.4284013350514971,,-0.4284013350514971,-0.4284013350514971,,
E12,linear_private_motive,gap_to_best_found,1,1,0,1,0.5088858519063282,0.5088858519063282,,0.5088858519063282,0.5088858519063282,,
E12,linear_private_motive,settling_period,1,1,1,0,,,,,,,
E12,linear_private_motive,total_overload,1,1,0,1,96.78725495914438,96.78725495914438,,96.78725495914438,96.78725495914438,,
E12,linear_private_motive,skipped_turns,1,1,0,1,138.0,138.0,,138.0,138.0,,
E12,linear_private_motive,jump_events,1,1,0,1,0.0,0.0,,0.0,0.0,,
E12,linear_private_motive,bound_violations,1,1,0,1,0.0,0.0,,0.0,0.0,,
E12,linear_private_motive,tail_target_range,1,1,0,1,0.6546756043165467,0.6546756043165467,,0.6546756043165467,0.6546756043165467,,
E12,linear_private_motive,target_path_length,1,1,0,1,70.15077264525411,70.15077264525411,,70.15077264525411,70.15077264525411,,
E12,linear_private_motive,within_one_percent_best,1,1,0,1,0.0,0.0,,0.0,0.0,,
E12,linear_private_motive,mean_absolute_staleness,1,1,0,1,0.002491694352459169,0.002491694352459169,,0.002491694352459169,0.002491694352459169,,
E12,linear_private_motive,max_curvature_fit_error,1,1,0,1,2.7972416050125964e-13,2.7972416050125964e-13,,2.7972416050125964e-13,2.7972416050125964e-13,,
E12,linear_private_motive,max_slope_fit_error,1,1,0,1,5.146993942162226e-13,5.146993942162226e-13,,5.146993942162226e-13,5.146993942162226e-13,,
E12,linear_private_motive,max_valid_identification_error,1,1,0,1,5.146993942162226e-13,5.146993942162226e-13,,5.146993942162226e-13,5.146993942162226e-13,,
E12,linear_private_motive,max_exploration_formula_error,1,1,0,1,3.219646771412954e-15,3.219646771412954e-15,,3.219646771412954e-15,3.219646771412954e-15,,
E12,linear_private_motive,mean_overload,1,1,0,1,0.32155234205695815,0.32155234205695815,,0.32155234205695815,0.32155234205695815,,
E12,linear_private_motive,overload_period_fraction,1,1,0,1,0.3388704318936877,0.3388704318936877,,0.3388704318936877,0.3388704318936877,,
E12,linear_private_motive,tail_mean_Y,1,1,0,1,0.6157258156153437,0.6157258156153437,,0.6157258156153437,0.6157258156153437,,
E12,linear_private_motive,tail_mean_reward,1,1,0,1,0.32060871294891086,0.32060871294891086,,0.32060871294891086,0.32060871294891086,,
E12,linear_private_motive,tail_price_range,1,1,0,1,1000.0,1000.0,,1000.0,1000.0,,
E12,linear_private_motive,settling_observed,1,1,0,1,0.0,0.0,,0.0,0.0,,
E12,linear_private_motive,skip_fraction,1,1,0,1,0.46,0.46,,0.46,0.46,,
E12,linear_private_motive,eligible_fit_count,1,1,0,1,162.0,162.0,,162.0,162.0,,
E12,linear_private_motive,fit_count,1,1,0,1,162.0,162.0,,162.0,162.0,,
E12,linear_private_motive,max_complementarity_residual,1,1,0,1,1540.3397477831522,1540.3397477831522,,1540.3397477831522,1540.3397477831522,,
E12,linear_private_motive,final_target_budget_excess,1,1,0,1,0.0,0.0,,0.0,0.0,,
E12,linear_private_motive,final_budget_feasible,1,1,0,1,1.0,1.0,,1.0,1.0,,
E12,linear_private_motive,global_certified,1,1,0,1,1.0,1.0,,1.0,1.0,,
